timestamp,open,high,low,close,adjusted_close,volume,dividend_amount,split_coefficient
2016-11-10,32.04,32.35,29.82,30.33,28.6527468273,35019076,0.0,1.0
2016-11-11,29.8,30.09,28.85,29.89,28.2370788878,6020148,0.0,1.0
2016-11-14,29.34,30.43,28.75,30.19,28.5204888466,4481917,0.0,1.0
2016-11-15,29.64,30.6995,29.62,30.43,28.7472168135,3667256,0.0,1.0
2016-11-16,30.77,32.04,30.61,31.7,29.9469856388,4342310,0.0,1.0
2016-11-17,31.4,33.065,30.635,32.51,30.7121925274,5252133,0.0,1.0
2016-11-18,32.14,33.1,31.79,32.68,30.872791504,4253380,0.0,1.0
2016-11-21,32.26,32.5,31.29,31.74,29.9847736333,5036677,0.0,1.0
2016-11-22,31.52,33.15,30.43,32.7,30.8916855012,5601830,0.0,1.0
2016-11-23,32.7,33.47,32.5,33.02,31.1939894572,3620409,0.0,1.0
2016-11-25,32.76,32.78,32.27,32.59,30.7877685164,827809,0.0,1.0
2016-11-28,32.27,33.5,32.17,32.74,30.9294734957,1929250,0.0,1.0
2016-11-29,33.05,33.36,32.72,33.19,31.3545884338,2139479,0.0,1.0
2016-11-30,33.26,34.3,33.0,33.48,31.6285513939,2764920,0.0,1.0
2016-12-01,33.04,33.26,32.185,32.51,30.7121925274,2914939,0.0,1.0
2016-12-02,32.16,33.21,32.01,32.99,31.1656484613,1213120,0.0,1.0
2016-12-05,32.87,33.7595,32.7501,33.65,31.7891503705,2004735,0.0,1.0
2016-12-06,33.45,33.86,33.21,33.82,31.9497493471,1622915,0.0,1.0
2016-12-07,34.07,34.98,34.0,34.75,32.8283202192,3809431,0.0,1.0
2016-12-08,34.91,36.0,34.61,35.93,33.9430660569,2602986,0.0,1.0
2016-12-09,35.82,36.51,35.6,36.38,34.3681809949,1993074,0.0,1.0
2016-12-12,36.38,37.215,36.31,36.73,34.6988259468,1258339,0.0,1.0
2016-12-13,36.97,37.09,35.67,36.58,34.5571209674,1814756,0.0,1.0
2016-12-14,36.62,37.0,34.97,35.15,33.2062001642,3886277,0.0,1.0
2016-12-15,35.06,35.264,34.15,34.38,32.4787812701,1555074,0.0,1.0
2016-12-16,34.34,35.47,34.28,35.26,33.310117149,3783968,0.0,1.0
2016-12-19,35.31,35.84,34.27,34.48,32.5732512563,1983266,0.0,1.0
2016-12-20,34.22,35.11,34.2,34.95,33.0172601917,944998,0.0,1.0
2016-12-21,34.64,35.22,34.46,35.02,33.0833891821,703934,0.0,1.0
2016-12-22,35.0,36.62,34.8,36.33,34.3209460018,1438479,0.0,1.0
2016-12-23,36.41,37.07,35.97,36.85,34.8121899303,888289,0.0,1.0
2016-12-27,36.65,37.49,36.61,37.34,35.2750928629,822236,0.0,1.0
2016-12-28,37.25,37.66,37.01,37.23,35.171175878,534220,0.0,1.0
2016-12-29,37.37,37.96,37.143,37.77,35.6813138037,658516,0.0,1.0
2016-12-30,37.74,38.52,37.675,37.85,35.7568897927,773230,0.0,1.0
2017-01-03,37.71,38.6,37.36,37.49,35.4167978422,2006963,0.0,1.0
2017-01-04,37.67,38.41,36.4248,36.98,34.9350009124,1712669,0.0,1.0
2017-01-05,36.98,37.71,36.48,36.62,34.5949089619,1099591,0.0,1.0
2017-01-06,36.42,36.96,36.06,36.83,34.793295933,1367990,0.0,1.0
2017-01-09,36.81,37.09,36.1,36.89,34.8499779248,1333756,0.0,1.0
2017-01-10,38.79,38.96,36.19,36.84,34.8027429317,3712586,0.0,1.0
2017-01-11,36.7,37.2,36.02,36.89,34.8499779248,2185874,0.0,1.0
2017-01-12,36.69,37.01,36.1201,36.96,34.9161069152,1235201,0.0,1.0
2017-01-13,36.89,37.3,36.55,37.22,35.1617288794,1010164,0.0,1.0
2017-01-17,37.14,37.22,36.75,36.89,34.8499779248,1907181,0.0,1.0
2017-01-18,36.75,36.88,36.41,36.64,34.6138029592,1214200,0.0,1.0
2017-01-19,36.79,37.0,36.33,36.96,34.9161069152,890406,0.0,1.0
2017-01-20,36.95,37.56,36.77,37.11,35.0578118945,1337042,0.0,1.0
2017-01-23,36.98,37.42,36.466,36.77,34.7366139413,2035285,0.0,1.0
2017-01-24,36.66,37.67,36.59,37.49,35.4167978422,1199629,0.0,1.0
2017-01-25,37.45,37.7999,36.44,36.67,34.6421439551,1183305,0.0,1.0
2017-01-26,36.39,36.87,36.25,36.33,34.498077226,1015269,0.1875,1.0
2017-01-27,36.4,36.54,35.81,36.44,34.6025305289,1088390,0.0,1.0
2017-01-30,36.2,36.93,36.2,36.78,34.9253861925,912896,0.0,1.0
2017-01-31,36.68,37.55,36.68,37.36,35.4761399715,1625296,0.0,1.0
2017-02-01,37.58,37.97,37.16,37.77,35.8654659187,2212174,0.0,1.0
2017-02-02,37.7,38.81,37.61,38.42,36.4826899814,2496332,0.0,1.0
2017-02-03,38.49,39.47,38.4601,38.9,36.9384862123,1495201,0.0,1.0
2017-02-06,39.13,39.35,38.721,39.24,37.2613418758,1097753,0.0,1.0
2017-02-07,39.25,39.8,38.98,39.41,37.4227697076,1362245,0.0,1.0
2017-02-08,39.28,39.69,38.58,39.16,37.1853758374,1575213,0.0,1.0
2017-02-09,39.06,39.52,38.69,39.08,37.1094097989,1138886,0.0,1.0
2017-02-10,39.0,39.57,38.6,39.27,37.2898291403,868909,0.0,1.0
2017-02-13,39.24,39.71,38.83,39.43,37.4417612172,1128260,0.0,1.0
2017-02-14,39.33,39.74,39.25,39.65,37.6506678231,1098381,0.0,1.0
2017-02-15,39.5,39.75,39.2,39.63,37.6316763135,1387718,0.0,1.0
2017-02-16,39.57,40.16,39.5599,39.9,37.8880616933,1034842,0.0,1.0
2017-02-17,39.77,39.95,39.3,39.62,37.6221805586,1487957,0.0,1.0
2017-02-21,39.56,40.13,39.3,39.62,37.6221805586,1295408,0.0,1.0
2017-02-22,39.41,40.0,39.41,39.85,37.8405829193,800763,0.0,1.0
2017-02-23,39.95,39.95,39.27,39.5,37.5082315009,564214,0.0,1.0
2017-02-24,39.5,39.66,39.3215,39.58,37.5841975394,374959,0.0,1.0
2017-02-27,39.7,39.7,39.08,39.48,37.4892399913,603491,0.0,1.0
2017-02-28,39.44,39.79,39.19,39.19,37.2138631018,653900,0.0,1.0
2017-03-01,39.1,40.04,39.07,39.95,37.9355404674,734412,0.0,1.0
2017-03-02,39.7,40.39,39.557,40.22,38.1919258473,818892,0.0,1.0
2017-03-03,40.08,40.467,39.53,40.4,38.3628494338,1254144,0.0,1.0
2017-03-06,40.37,40.61,40.06,40.42,38.3818409435,1784398,0.0,1.0
2017-03-07,40.26,41.05,40.045,40.74,38.6857050974,1684017,0.0,1.0
2017-03-08,40.65,41.08,40.42,40.72,38.6667135878,1926522,0.0,1.0
2017-03-09,40.79,41.1,40.54,40.98,38.9136032128,1533904,0.0,1.0
2017-03-10,41.02,41.6,40.8644,41.4,39.3124249149,1544140,0.0,1.0
2017-03-13,41.39,41.61,41.31,41.53,39.4358697274,1383880,0.0,1.0
2017-03-14,41.5,42.25,41.3232,42.21,40.0815810545,992609,0.0,1.0
2017-03-15,42.44,43.47,42.28,42.36,40.2240173767,2309856,0.0,1.0
2017-03-16,42.28,42.5,41.75,41.99,39.8726744487,1065257,0.0,1.0
2017-03-17,41.94,42.39,41.6695,42.25,40.1195640738,1608966,0.0,1.0
2017-03-20,42.31,42.63,42.091,42.48,40.3379664344,1693155,0.0,1.0
2017-03-21,42.59,43.125,42.54,42.87,40.708300872,1640736,0.0,1.0
2017-03-22,43.02,43.48,42.43,42.44,40.2999834152,1391719,0.0,1.0
2017-03-23,42.4,43.28,42.22,43.01,40.8412414394,1135576,0.0,1.0
2017-03-24,43.0,43.235,42.67,42.67,40.5183857758,1338311,0.0,1.0
2017-03-27,42.53,43.02,42.22,42.96,40.7937626653,812738,0.0,1.0
2017-03-28,42.86,43.2,42.66,42.92,40.7557796461,901945,0.0,1.0
2017-03-29,42.88,42.95,42.52,42.64,40.4898985114,704039,0.0,1.0
2017-03-30,42.7,42.7,42.06,42.09,39.9676319968,641004,0.0,1.0
2017-03-31,42.07,42.145,41.81,42.06,39.9391447324,1003812,0.0,1.0
2017-04-03,42.01,42.25,41.75,42.0,39.8821702035,914679,0.0,1.0
2017-04-04,42.08,42.22,41.54,42.19,40.0625895449,1297662,0.0,1.0
2017-04-05,42.13,42.5,41.7,41.74,39.6352805784,816318,0.0,1.0
2017-04-06,43.12,43.4,40.61,43.14,40.9646862519,2956532,0.0,1.0
2017-04-07,42.13,43.26,41.75,42.99,40.8222499297,2618197,0.0,1.0
2017-04-10,42.94,43.01,42.18,42.76,40.6038475691,1236697,0.0,1.0
2017-04-11,42.78,42.89,42.0943,42.88,40.7177966268,1170516,0.0,1.0
2017-04-12,42.9,42.9499,42.08,42.16,40.0341022805,717625,0.0,1.0
2017-04-13,42.18,42.34,41.87,41.87,39.758725391,531793,0.0,1.0
2017-04-17,41.89,42.26,41.755,42.23,40.1005725641,508809,0.0,1.0
2017-04-18,42.27,42.44,41.99,42.38,40.2430088863,812945,0.0,1.0
2017-04-19,42.29,42.39,42.01,42.2,40.0720852997,526314,0.0,1.0
2017-04-20,42.31,42.74,42.02,42.6,40.4519154921,415618,0.0,1.0
2017-04-21,42.57,42.57,42.04,42.26,40.1290598286,1035046,0.0,1.0
2017-04-24,42.53,42.71,42.2,42.67,40.5183857758,555585,0.0,1.0
2017-04-25,42.84,42.93,42.28,42.46,40.3189749248,840056,0.0,1.0
2017-04-26,42.33,42.38,41.96,42.24,40.2881137216,901229,0.1875,1.0
2017-04-27,42.14,42.85,42.13,42.64,40.6696299501,991385,0.0,1.0
2017-04-28,42.59,42.64,41.55,41.75,39.8207563418,1186078,0.0,1.0
2017-05-01,41.86,41.97,41.35,41.8,39.8684458704,1440256,0.0,1.0
2017-05-02,41.68,42.02,40.91,41.39,39.4773917362,1039744,0.0,1.0
2017-05-03,41.17,41.44,40.83,40.9,39.0100343564,800552,0.0,1.0
2017-05-04,41.18,41.4,40.75,41.26,39.353398962,959269,0.0,1.0
2017-05-05,41.18,41.635,41.18,41.57,39.649074039,595167,0.0,1.0
2017-05-08,41.42,41.62,41.12,41.58,39.6586119447,739582,0.0,1.0
2017-05-09,41.62,41.9,41.31,41.75,39.8207563418,715032,0.0,1.0
2017-05-10,41.68,42.47,41.65,42.47,40.507485553,1017208,0.0,1.0
2017-05-11,42.33,42.5,41.92,42.2,40.2499620988,1006884,0.0,1.0
2017-05-12,42.07,42.37,42.07,42.2,40.2499620988,523108,0.0,1.0
2017-05-15,42.14,42.96,42.14,42.93,40.9462292157,601864,0.0,1.0
2017-05-16,43.23,44.51,43.1,44.47,42.4150666951,1805882,0.0,1.0
2017-05-17,44.39,44.71,44.03,44.17,42.1289295238,1248382,0.0,1.0
2017-05-18,44.05,44.22,43.72,43.94,41.9095576925,2490774,0.0,1.0
2017-05-19,44.42,44.84,44.0501,44.38,42.3292255437,740241,0.0,1.0
2017-05-22,44.5,44.75,44.29,44.58,42.5199836579,531801,0.0,1.0
2017-05-23,44.51,44.73,44.16,44.22,42.1766190524,651295,0.0,1.0
2017-05-24,44.68,45.51,44.4,45.49,43.3879330776,1182038,0.0,1.0
2017-05-25,45.58,45.92,45.4,45.63,43.5214637575,561452,0.0,1.0
2017-05-26,45.55,45.81,45.31,45.66,43.5500774747,434195,0.0,1.0
2017-05-30,45.5,46.32,45.41,46.17,44.0365106659,756935,0.0,1.0
2017-05-31,46.31,46.82,46.31,46.41,44.265420403,879685,0.0,1.0
2017-06-01,46.48,47.4,46.33,47.32,45.1333698226,740514,0.0,1.0
2017-06-02,47.56,47.99,47.0,47.38,45.1905972569,634097,0.0,1.0
2017-06-05,47.15,47.46,46.41,46.71,44.5515575743,653729,0.0,1.0
2017-06-06,46.65,46.705,45.94,46.67,44.5134059515,568089,0.0,1.0
2017-06-07,46.76,47.21,46.325,46.91,44.7423156885,691077,0.0,1.0
2017-06-08,46.9,46.91,46.48,46.5,44.3512615544,373975,0.0,1.0
2017-06-09,46.58,46.76,45.85,46.03,43.902979986,863154,0.0,1.0
2017-06-12,46.16,46.28,45.2,45.43,43.3307056433,611563,0.0,1.0
2017-06-13,45.6,46.24,45.47,45.98,43.8552904574,592952,0.0,1.0
2017-06-14,45.8,46.13,45.46,45.59,43.4833121347,759970,0.0,1.0
2017-06-15,45.46,45.64,45.06,45.32,43.2257886805,480335,0.0,1.0
2017-06-16,45.18,45.27,43.89,45.07,42.9873410378,1658171,0.0,1.0
2017-06-19,44.96,45.65,44.96,45.55,43.4451605119,906195,0.0,1.0
2017-06-20,45.86,45.93,45.48,45.73,43.6168428147,447726,0.0,1.0
2017-06-21,45.91,46.18,45.57,45.82,43.702683966,812338,0.0,1.0
2017-06-22,45.83,46.01,45.41,45.59,43.4833121347,311228,0.0,1.0
2017-06-23,45.54,45.73,45.31,45.56,43.4546984176,2435357,0.0,1.0
2017-06-26,45.62,45.74,45.06,45.34,43.2448644919,482955,0.0,1.0
2017-06-27,45.28,45.37,44.52,44.69,42.6249006207,591825,0.0,1.0
2017-06-28,44.86,45.74,44.65,45.37,43.2734782091,664006,0.0,1.0
2017-06-29,45.3,45.31,44.04,44.13,42.090777901,762053,0.0,1.0
2017-06-30,44.29,44.51,43.96,44.04,42.0049367496,652596,0.0,1.0
2017-07-03,44.02,44.16,43.32,43.86,41.8332544468,618134,0.0,1.0
2017-07-05,43.67,44.07,43.26,43.27,41.2705180098,820641,0.0,1.0
2017-07-06,43.13,43.24,42.745,42.9,40.9176154985,726607,0.0,1.0
2017-07-07,43.01,43.4,42.76,43.1,41.1083736128,516779,0.0,1.0
2017-07-10,43.2,43.26,42.58,42.74,40.7650090072,1034906,0.0,1.0
2017-07-11,42.81,43.81,42.58,43.79,41.7664891068,1129639,0.0,1.0
2017-07-12,44.0,44.53,43.75,44.0,41.9667851267,931942,0.0,1.0
2017-07-13,44.03,44.19,43.48,43.77,41.7474132954,697406,0.0,1.0
2017-07-14,43.8,44.09,43.605,43.65,41.6329584268,358200,0.0,1.0
2017-07-17,43.67,44.18,43.4,43.99,41.957247221,512537,0.0,1.0
2017-07-18,44.02,44.34,43.855,44.13,42.090777901,568848,0.0,1.0
2017-07-19,44.2,44.57,44.05,44.38,42.3292255437,592590,0.0,1.0
2017-07-20,44.44,44.51,44.22,44.28,42.2338464866,470073,0.0,1.0
2017-07-21,44.3,45.2,44.27,45.0,42.9205756978,1988993,0.0,1.0
2017-07-24,44.81,45.26,44.46,44.75,42.682128055,961992,0.0,1.0
2017-07-25,47.38,49.94,45.02,45.68,43.5691532861,3173600,0.0,1.0
2017-07-26,45.51,46.01,44.18,44.28,42.2338464866,1260182,0.0,1.0
2017-07-27,44.29,44.54,43.72,43.86,41.8332544468,1866105,0.0,1.0
2017-07-28,43.69,44.1812,43.6,43.82,41.7951028239,951064,0.0,1.0
2017-07-31,43.65,44.15,43.6425,43.98,41.9477093153,1196673,0.0,1.0
2017-08-01,44.21,44.26,43.91,44.04,42.0049367496,1094120,0.0,1.0
2017-08-02,43.86,44.13,43.25,43.76,41.9167111217,1002646,0.1875,1.0
2017-08-03,43.74,43.74,43.12,43.22,41.3994573739,691528,0.0,1.0
2017-08-04,43.41,43.62,42.9,43.62,41.7826082982,441720,0.0,1.0
2017-08-07,43.62,44.11,43.41,43.86,42.0124988528,555530,0.0,1.0
2017-08-08,43.74,43.76,43.21,43.56,41.7251356596,789743,0.0,1.0
2017-08-09,43.45,43.81,43.0,43.51,41.677241794,690855,0.0,1.0
2017-08-10,43.43,44.38,43.28,44.34,42.472279962,620412,0.0,1.0
2017-08-11,44.33,44.81,44.08,44.81,42.9224822981,452938,0.0,1.0
2017-08-14,44.87,45.06,44.695,44.81,42.9224822981,690766,0.0,1.0
2017-08-15,44.9,45.08,44.7,45.02,43.1236365334,439945,0.0,1.0
2017-08-16,45.11,45.57,44.92,45.36,43.4493148191,523238,0.0,1.0
2017-08-17,45.29,45.9,45.12,45.37,43.4588935922,729785,0.0,1.0
2017-08-18,45.21,45.31,44.86,45.27,43.3631058611,756030,0.0,1.0
2017-08-21,45.14,45.58,45.014,45.45,43.535523777,697288,0.0,1.0
2017-08-22,45.5,45.97,45.39,45.66,43.7366780123,858638,0.0,1.0
2017-08-23,45.57,45.74,45.03,45.59,43.6696266005,709113,0.0,1.0
2017-08-24,45.61,45.61,44.815,45.0,43.1044789872,1029501,0.0,1.0
2017-08-25,45.06,45.23,44.81,45.04,43.1427940796,983199,0.0,1.0
2017-08-28,45.19,45.19,44.72,44.88,42.9895337099,981999,0.0,1.0
2017-08-29,44.78,45.16,44.73,45.07,43.1715303989,975904,0.0,1.0
2017-08-30,45.11,45.24,44.68,45.17,43.26731813,731781,0.0,1.0
2017-08-31,45.11,45.71,45.01,45.48,43.5642600964,652027,0.0,1.0
2017-09-01,45.72,46.15,45.55,45.99,44.0527775249,545622,0.0,1.0
2017-09-05,46.05,46.23,45.56,45.74,43.8133081972,1072076,0.0,1.0
2017-09-06,45.74,45.805,45.02,45.32,43.4109997266,730529,0.0,1.0
2017-09-07,45.39,45.58,45.04,45.28,43.3726846342,721161,0.0,1.0
2017-09-08,45.21,45.9,44.92,45.44,43.5259450039,631499,0.0,1.0
2017-09-11,45.67,46.13,45.48,45.63,43.707941693,567144,0.0,1.0
2017-09-12,45.67,46.01,45.51,46.0,44.062356298,714018,0.0,1.0
2017-09-13,46.04,46.745,46.04,46.55,44.5891888189,848278,0.0,1.0
2017-09-14,46.49,46.55,46.01,46.07,44.1294077097,636360,0.0,1.0
2017-09-15,46.16,46.51,46.12,46.39,44.4359284492,1962652,0.0,1.0
2017-09-18,46.3,46.45,45.87,46.28,44.330561945,583223,0.0,1.0
2017-09-19,46.29,46.43,45.99,46.39,44.4359284492,666447,0.0,1.0
2017-09-20,46.37,46.72,46.18,46.65,44.68497655,815692,0.0,1.0
2017-09-21,46.72,46.745,45.83,45.86,43.9282534745,284589,0.0,1.0
2017-09-22,45.98,46.14,45.33,45.38,43.4684723653,380923,0.0,1.0
2017-09-25,45.36,45.6,45.02,45.17,43.26731813,857596,0.0,1.0
2017-09-26,45.26,45.82,45.17,45.53,43.6121539619,598119,0.0,1.0
2017-09-27,45.83,46.24,45.63,46.04,44.1006713904,686479,0.0,1.0
2017-09-28,45.98,46.63,45.875,46.58,44.6179251383,685872,0.0,1.0
2017-09-29,46.46,47.15,46.46,46.89,44.9148671046,910259,0.0,1.0
2017-10-02,46.8,48.17,46.682,47.54,45.5374873567,1324691,0.0,1.0
2017-10-03,47.54,47.61,46.96,47.17,45.1830727517,1275836,0.0,1.0
2017-10-04,48.67,48.85,46.3,48.41,46.3708406171,2031288,0.0,1.0
2017-10-05,48.84,49.14,48.54,48.59,46.543258533,905864,0.0,1.0
2017-10-06,48.59,49.13,48.59,49.13,47.0605122809,760154,0.0,1.0
2017-10-09,49.14,49.21,48.71,48.83,46.7731490876,545246,0.0,1.0
2017-10-10,49.09,49.24,48.85,49.04,46.9743033229,782302,0.0,1.0
2017-10-11,49.05,49.75,48.95,49.37,47.2904028355,739316,0.0,1.0
2017-10-12,49.36,49.7259,49.0,49.7,47.606502348,504936,0.0,1.0
2017-10-13,49.89,50.04,49.611,50.0,47.8938655413,534894,0.0,1.0
2017-10-16,50.0,50.82,50.0,50.69,48.5548008858,665619,0.0,1.0
2017-10-17,50.55,50.6,49.91,50.22,48.1045985497,1048795,0.0,1.0
2017-10-18,50.38,50.565,50.22,50.56,48.4302768354,763456,0.0,1.0
2017-10-19,50.47,50.68,50.13,50.3,48.1812287345,487849,0.0,1.0
2017-10-20,50.41,50.778,50.23,50.63,48.4973282471,501277,0.0,1.0
2017-10-23,50.61,51.08,50.5201,50.9,48.755955121,710170,0.0,1.0
2017-10-24,50.66,51.2,50.45,50.72,48.5835372051,410038,0.0,1.0
2017-10-25,51.05,51.16,50.351,50.6,48.4685919278,529621,0.0,1.0
2017-10-26,50.65,50.93,50.57,50.6,48.4685919278,299091,0.0,1.0
2017-10-27,50.61,50.87,50.08,50.82,48.6793249362,374813,0.0,1.0
2017-10-30,50.7,50.97,50.26,50.38,48.2578589194,475561,0.0,1.0
2017-10-31,50.53,51.56,50.4006,50.99,48.842164079,478856,0.0,1.0
2017-11-01,51.02,51.97,51.02,51.35,49.1869999109,650547,0.0,1.0
2017-11-02,51.1,51.86,50.9,51.8,49.7976466966,996682,0.1875,1.0
2017-11-03,51.73,52.43,51.46,52.12,50.1052769464,660578,0.0,1.0
2017-11-06,52.4,52.47,51.72,52.06,50.0475962746,447152,0.0,1.0
2017-11-07,52.19,52.35,51.45,51.66,49.6630584622,436059,0.0,1.0
2017-11-08,51.73,52.41,51.67,52.39,50.3648399697,465034,0.0,1.0
2017-11-09,52.2,52.45,51.57,51.62,49.624604681,415371,0.0,1.0
2017-11-10,51.36,52.24,50.6,51.96,49.9514618215,733097,0.0,1.0
2017-11-13,51.88,52.85,51.8,52.78,50.7397643368,777494,0.0,1.0
2017-11-14,52.71,54.01,52.48,53.39,51.3261845006,809607,0.0,1.0
2017-11-15,53.29,53.29,52.7,52.74,50.7013105555,1070152,0.0,1.0
2017-11-16,52.98,54.03,52.98,53.45,51.3838651724,1499415,0.0,1.0
2017-11-17,53.21,53.995,53.16,53.21,51.153142485,853001,0.0,1.0
2017-11-20,53.21,53.91,53.21,53.69,51.6145878598,617917,0.0,1.0
2017-11-21,53.73,54.205,53.63,53.74,51.6626550863,726582,0.0,1.0
2017-11-22,53.74,54.27,53.47,54.25,52.1529407971,541321,0.0,1.0
2017-11-24,54.4,54.65,54.18,54.44,52.3355962579,130888,0.0,1.0
2017-11-27,54.43,54.48,53.98,54.03,51.9414450003,997469,0.0,1.0
2017-11-28,54.08,54.45,53.72,54.03,51.9414450003,1466176,0.0,1.0
2017-11-29,53.98,54.37,53.49,53.95,51.8645374378,1096860,0.0,1.0
2017-11-30,53.94,54.485,53.75,54.37,52.2683021408,2492746,0.0,1.0
2017-12-01,54.5,54.93,53.86,54.86,52.7393609609,1410048,0.0,1.0
2017-12-04,55.01,55.1575,54.62,54.95,52.8258819686,795312,0.0,1.0
2017-12-05,55.1,55.1,54.44,54.45,52.3452097032,666045,0.0,1.0
2017-12-06,54.45,54.9,54.36,54.45,52.3452097032,559643,0.0,1.0
2017-12-07,54.25,55.16,54.2482,54.98,52.8547223046,1004792,0.0,1.0
2017-12-08,55.05,56.42,54.95,56.2,54.0275626322,1608133,0.0,1.0
2017-12-11,56.15,57.2,56.1,56.88,54.6812769131,1390804,0.0,1.0
2017-12-12,56.98,57.04,55.65,55.75,53.5949575933,672685,0.0,1.0
2017-12-13,55.9,56.08,55.7,55.8,53.6430248198,923598,0.0,1.0
2017-12-14,55.71,55.95,55.41,55.45,53.3065542341,493749,0.0,1.0
2017-12-15,55.32,55.75,55.2,55.5,53.3546214606,2592257,0.0,1.0
2017-12-18,55.65,56.5,55.53,56.12,53.9506550697,1000083,0.0,1.0
2017-12-19,56.33,56.69,55.76,55.85,53.6910920464,787942,0.0,1.0
2017-12-20,56.03,56.08,55.36,55.98,53.8160668354,1110119,0.0,1.0
2017-12-21,56.04,56.25,55.3,55.43,53.2873273434,776294,0.0,1.0
2017-12-22,55.68,55.99,55.38,55.82,53.6622517105,836022,0.0,1.0
2017-12-26,55.81,55.86,55.11,55.18,53.0469912107,492284,0.0,1.0
2017-12-27,55.33,55.73,55.2,55.46,53.3161676794,571565,0.0,1.0
2017-12-28,55.63,56.07,55.42,55.86,53.7007054917,668150,0.0,1.0
2017-12-29,55.92,57.51,55.82,56.45,54.2678987649,1163364,0.0,1.0
2018-01-02,56.49,56.77,55.17,55.37,53.2296466716,938926,0.0,1.0
2018-01-03,55.6,56.44,55.22,56.06,53.8929743979,1632365,0.0,1.0
2018-01-04,55.55,57.99,53.2,57.22,55.0081340536,3492419,0.0,1.0
2018-01-05,57.24,58.0,56.74,57.7,55.4695794284,2317307,0.0,1.0
2018-01-08,57.82,58.69,57.29,58.56,56.2963357249,958710,0.0,1.0
2018-01-09,58.49,58.7,57.98,58.04,55.7964365689,891672,0.0,1.0
2018-01-10,58.26,58.455,57.57,57.87,55.6330079986,998145,0.0,1.0
2018-01-11,58.02,58.24,57.53,58.0,55.7579827876,1429729,0.0,1.0
2018-01-12,57.99,58.44,57.62,58.28,56.0271592563,1095822,0.0,1.0
2018-01-16,58.4,59.09,58.345,58.52,56.2578819437,1013593,0.0,1.0
2018-01-17,58.74,59.63,58.5,59.34,57.0461844589,680320,0.0,1.0
2018-01-18,59.37,59.53,58.629,59.03,56.7481676544,1657129,0.0,1.0
2018-01-19,59.18,60.28,59.18,60.04,57.7191256305,976765,0.0,1.0
2018-01-22,60.27,60.85,60.04,60.3,57.9690752085,794419,0.0,1.0
2018-01-23,60.16,60.66,59.85,60.32,57.9883020992,578016,0.0,1.0
2018-01-24,60.4,60.75,59.8,59.87,57.5556970603,828295,0.0,1.0
2018-01-25,60.07,60.46,58.9,59.24,56.9500500059,704634,0.0,1.0
2018-01-26,59.23,59.86,58.8,59.8,57.4884029431,444994,0.0,1.0
2018-01-29,59.49,60.23,59.08,59.09,56.8058483262,709746,0.0,1.0
2018-01-30,58.67,59.095,58.04,58.25,55.9983189204,950324,0.0,1.0
2018-01-31,58.46,59.14,58.19,58.6,56.3347895061,861030,0.0,1.0
2018-02-01,58.4,58.8,57.01,57.4,55.3650332107,1690290,0.1913,1.0
2018-02-02,57.15,57.65,56.225,56.79,54.7766591644,1788400,0.0,1.0
2018-02-05,56.74,57.53,56.17,56.34,54.3426127368,2142202,0.0,1.0
2018-02-06,55.22,56.74,54.34,55.8,53.8217570236,2049733,0.0,1.0
2018-02-07,55.67,57.23,55.518,56.93,54.9116958307,1652699,0.0,1.0
2018-02-08,57.13,57.5,54.69,54.73,52.7896910735,1622123,0.0,1.0
2018-02-09,55.08,55.565,52.92,54.46,52.529263217,1810431,0.0,1.0
2018-02-12,54.78,55.465,54.35,55.08,53.1272827394,1267338,0.0,1.0
2018-02-13,54.96,55.07,54.22,54.54,52.6064270263,1404845,0.0,1.0
2018-02-14,54.33,54.83,53.93,54.24,52.3170627412,1668799,0.0,1.0
2018-02-15,54.46,55.4,53.87,55.4,53.4359379769,3528806,0.0,1.0
2018-02-16,55.07,55.85,54.85,55.58,53.6095565479,1263903,0.0,1.0
2018-02-20,55.28,55.57,54.24,54.29,52.3652901221,1143133,0.0,1.0
2018-02-21,54.42,54.96,53.47,53.51,51.6129429809,877067,0.0,1.0
2018-02-22,53.52,54.27,53.29,53.75,51.844434409,1400073,0.0,1.0
2018-02-23,53.98,54.75,53.31,54.71,52.7704001212,706994,0.0,1.0
2018-02-26,54.94,55.07,54.35,54.62,52.6835908357,624039,0.0,1.0
2018-02-27,54.62,54.91,54.39,54.39,52.4617448838,530254,0.0,1.0
2018-02-28,54.58,54.822,54.08,54.09,52.1723805987,941001,0.0,1.0
2018-03-01,54.08,55.12,53.99,54.46,52.529263217,776168,0.0,1.0
2018-03-02,54.23,55.43,54.04,55.37,53.4070015483,731169,0.0,1.0
2018-03-05,55.21,55.93,55.01,55.88,53.898920833,1070696,0.0,1.0
2018-03-06,55.85,56.84,55.605,56.82,54.8055955929,784777,0.0,1.0
2018-03-07,56.31,56.64,55.86,56.31,54.3136763082,872226,0.0,1.0
2018-03-08,56.36,56.9,56.17,56.67,54.6609134503,846347,0.0,1.0
2018-03-09,56.99,57.39,56.66,57.33,55.2975148775,967000,0.0,1.0
2018-03-12,57.46,57.67,56.85,57.26,55.2299965443,798005,0.0,1.0
2018-03-13,57.32,57.59,56.36,56.47,54.4680039269,391742,0.0,1.0
2018-03-14,56.75,56.92,55.9,56.08,54.0918303564,468271,0.0,1.0
2018-03-15,56.22,56.64,55.29,55.62,53.6481384526,505527,0.0,1.0
2018-03-16,55.72,56.25,55.23,55.66,53.6867203573,1027107,0.0,1.0
2018-03-19,55.52,55.86,55.19,55.47,53.50345631,976236,0.0,1.0
2018-03-20,55.67,55.96,55.51,55.69,53.7156567858,422419,0.0,1.0
2018-03-21,55.53,55.695,54.58,55.36,53.3973560722,769259,0.0,1.0
2018-03-22,55.0,55.77,54.57,54.58,52.645008931,636897,0.0,1.0
2018-03-23,54.75,54.96,54.04,54.05,52.133798694,806645,0.0,1.0
2018-03-26,54.53,56.61,54.485,56.43,54.4294220223,1135027,0.0,1.0
2018-03-27,57.31,57.54,55.77,56.0,54.014666547,1010589,0.0,1.0
2018-03-28,55.97,56.56,55.79,56.39,54.3908401176,832599,0.0,1.0
2018-03-29,56.76,58.5,56.76,58.22,56.1559622565,1344497,0.0,1.0
2018-04-02,58.5,58.9,57.45,58.07,56.011280114,1876088,0.0,1.0
2018-04-03,58.44,59.5,57.58,59.13,57.0337005879,1578857,0.0,1.0
2018-04-04,58.73,59.67,58.25,59.43,57.323064873,1883644,0.0,1.0
2018-04-05,62.0,62.835,60.06,61.47,59.2907420115,3817094,0.0,1.0
2018-04-06,61.3,62.56,60.94,61.78,59.5897517727,1652389,0.0,1.0
2018-04-09,62.18,63.07,61.78,62.29,60.0816710574,1087705,0.0,1.0
2018-04-10,63.0,63.97,62.38,63.77,61.5092015304,1322904,0.0,1.0
2018-04-11,63.33,63.87,63.28,63.76,61.4995560542,1569143,0.0,1.0
2018-04-12,63.84,64.09,63.08,63.32,61.0751551028,1163780,0.0,1.0
2018-04-13,63.63,64.25,63.01,64.12,61.8467931963,1476742,0.0,1.0
2018-04-16,64.25,64.95,63.87,64.73,62.4351672426,1246932,0.0,1.0
2018-04-17,64.85,65.55,64.46,65.5,63.1778689077,2760552,0.0,1.0
2018-04-18,65.5,65.97,64.96,65.51,63.1875143838,1868151,0.0,1.0
2018-04-19,65.47,65.61,64.73,65.25,62.9367320034,685550,0.0,1.0
2018-04-20,65.25,65.57,64.58,65.36,63.0428322413,2933094,0.0,1.0
2018-04-23,65.64,66.1,65.46,65.66,63.3321965264,537019,0.0,1.0
2018-04-24,66.04,66.13,65.04,65.44,63.1199960506,665176,0.0,1.0
2018-04-25,65.33,65.96,65.05,65.85,63.5154605736,814418,0.0,1.0
2018-04-26,66.04,66.75,65.61,66.41,64.055607239,1045853,0.0,1.0
2018-04-27,66.54,66.85,66.34,66.59,64.2292258101,474461,0.0,1.0
2018-04-30,66.57,66.66,65.27,65.32,63.0042503366,810092,0.0,1.0
2018-05-01,65.03,65.15,64.46,64.97,62.6666586707,945978,0.0,1.0
2018-05-02,64.91,65.25,64.0,64.14,61.8660841487,878980,0.0,1.0
2018-05-03,64.11,64.31,63.465,64.04,61.9540991187,722028,0.1913,1.0
2018-05-04,63.94,65.65,63.86,65.09,62.9698986826,700264,0.0,1.0
2018-05-07,65.37,66.35,64.874,66.21,64.0534182175,961646,0.0,1.0
2018-05-08,66.07,66.74,65.86,66.66,64.4887608878,557299,0.0,1.0
2018-05-09,66.75,68.31,66.67,67.73,65.5239090148,1146721,0.0,1.0
2018-05-10,68.28,68.35,67.72,68.03,65.8141374617,841437,0.0,1.0
2018-05-11,68.18,68.7,67.74,67.93,65.7173946461,730826,0.0,1.0
2018-05-14,68.1,68.41,67.475,67.62,65.4174919176,693749,0.0,1.0
2018-05-15,67.25,67.73,67.0,67.31,65.1175891892,831077,0.0,1.0
2018-05-16,67.28,67.305,66.77,67.14,64.9531264027,603183,0.0,1.0
2018-05-17,67.17,67.3,66.68,67.0,64.8176864608,726581,0.0,1.0
2018-05-18,66.67,67.1,66.55,66.79,64.6145265481,584278,0.0,1.0
2018-05-21,67.16,67.37,66.56,66.74,64.5661551403,676003,0.0,1.0
2018-05-22,66.28,66.31,64.17,65.04,62.9215272748,1506592,0.0,1.0
2018-05-23,64.83,65.33,64.83,65.16,63.0376186536,547107,0.0,1.0
2018-05-24,65.16,65.555,64.96,65.2,63.0763157798,906966,0.0,1.0
2018-05-25,65.13,66.07,64.96,65.43,63.2988242557,1288634,0.0,1.0
2018-05-29,64.98,65.33,64.17,64.56,62.4571617599,806132,0.0,1.0
2018-05-30,64.81,65.39,64.66,65.0,62.8828301486,784427,0.0,1.0
2018-05-31,65.0,65.06,63.75,63.75,61.6735449534,740482,0.0,1.0
2018-06-01,64.12,64.43,63.64,64.11,62.0218190896,799261,0.0,1.0
2018-06-04,64.32,65.28,64.17,65.28,63.1537100323,741495,0.0,1.0
2018-06-05,65.23,65.81,64.51,65.73,63.5890527026,1382260,0.0,1.0
2018-06-06,65.72,65.72,63.35,64.66,62.5539045755,1178676,0.0,1.0
2018-06-07,64.49,65.57,64.15,64.86,62.7473902067,1227703,0.0,1.0
2018-06-08,64.99,66.313,64.8,65.68,63.5406812948,768512,0.0,1.0
2018-06-11,65.67,65.93,65.36,65.36,63.2311042848,554384,0.0,1.0
2018-06-12,65.55,65.96,65.29,65.69,63.5503555763,593065,0.0,1.0
2018-06-13,65.8,66.09,65.33,65.34,63.2117557217,1218490,0.0,1.0
2018-06-14,65.53,66.02,65.17,65.85,63.7051440813,513650,0.0,1.0
2018-06-15,65.81,65.9,64.72,64.93,62.8151101777,1262133,0.0,1.0
2018-06-18,64.5,65.07,64.47,64.93,62.8151101777,644385,0.0,1.0
2018-06-19,64.87,66.65,64.52,66.38,64.217881004,1463207,0.0,1.0
2018-06-20,66.63,67.6,66.14,67.48,65.2820519758,2094010,0.0,1.0
2018-06-21,67.61,67.91,67.19,67.29,65.0982406261,2038379,0.0,1.0
2018-06-22,67.55,68.15,67.06,67.88,65.6690232382,1257212,0.0,1.0
2018-06-25,68.06,68.37,67.57,68.15,65.9302288404,805548,0.0,1.0
2018-06-26,68.42,69.55,68.15,68.63,66.3945943553,1033896,0.0,1.0
2018-06-27,68.75,69.07,67.82,68.16,65.939903122,588581,0.0,1.0
2018-06-28,68.21,68.98,68.1,68.72,66.4816628894,606729,0.0,1.0
2018-06-29,68.98,69.34,68.42,68.51,66.2785029766,857899,0.0,1.0
2018-07-02,68.12,68.2,67.62,67.99,65.7754403354,763091,0.0,1.0
2018-07-03,68.13,68.63,67.94,68.37,66.1430630347,514488,0.0,1.0
2018-07-05,68.52,69.93,68.27,69.88,67.6038795505,1000224,0.0,1.0
2018-07-06,69.7,70.5,69.7,70.19,67.9037822789,375107,0.0,1.0
2018-07-09,70.21,71.04,70.03,70.38,68.0875936286,832556,0.0,1.0
2018-07-10,70.78,71.01,70.03,70.28,67.990850813,1437062,0.0,1.0
2018-07-11,70.21,70.65,69.79,70.2,67.9134565605,447031,0.0,1.0
2018-07-12,70.35,70.57,70.09,70.54,68.2423821336,887471,0.0,1.0
2018-07-13,70.57,71.29,70.51,70.85,68.542284862,700593,0.0,1.0
2018-07-16,70.69,70.86,70.025,70.2,67.9134565605,540009,0.0,1.0
2018-07-17,70.2,70.92,70.11,70.73,68.4261934832,498284,0.0,1.0
2018-07-18,70.69,70.93,70.29,70.59,68.2907535414,549547,0.0,1.0
2018-07-19,70.48,70.8,69.841,70.38,68.0875936286,944830,0.0,1.0
2018-07-20,70.48,70.86,70.07,70.42,68.1262907548,826005,0.0,1.0
2018-07-23,70.52,70.67,68.805,69.02,66.7718913362,1380371,0.0,1.0
2018-07-24,68.87,69.55,68.09,68.34,66.1140401901,2183017,0.0,1.0
2018-07-25,68.63,71.315,68.1,70.41,68.1166164733,1789304,0.0,1.0
2018-07-26,70.92,71.02,68.25,70.05,67.7683423371,1632384,0.0,1.0
2018-07-27,70.14,70.49,69.75,69.8,67.526485298,834450,0.0,1.0
2018-07-30,69.52,70.3,69.41,70.24,67.9521536867,659338,0.0,1.0
2018-07-31,70.35,70.52,70.06,70.27,67.9811765314,655997,0.0,1.0
2018-08-01,70.29,70.37,69.53,69.7,67.4297424824,428894,0.0,1.0
2018-08-02,69.22,70.75,69.04,70.53,68.4177284869,460539,0.1913,1.0
2018-08-03,70.67,72.18,70.67,72.16,69.9989123438,633457,0.0,1.0
2018-08-06,72.34,73.19,71.83,72.58,70.4063339512,924865,0.0,1.0
2018-08-07,72.62,72.63,71.67,71.77,69.6205922799,601243,0.0,1.0
2018-08-08,71.81,71.93,71.1,71.41,69.2713737593,301409,0.0,1.0
2018-08-09,71.39,71.74,70.81,71.63,69.4847850775,681535,0.0,1.0
2018-08-10,71.5,72.365,70.95,71.09,68.9609572966,404409,0.0,1.0
2018-08-13,71.05,71.51,70.46,70.92,68.7960485508,761056,0.0,1.0
2018-08-14,71.12,72.04,70.96,71.7,69.5526886787,604931,0.0,1.0
2018-08-15,71.46,71.71,68.94,69.26,67.1857631504,976962,0.0,1.0
2018-08-16,69.29,69.75,66.45,66.59,64.5957257896,1606231,0.0,1.0
2018-08-17,66.13,66.13,63.02,65.59,63.6256743436,1891673,0.0,1.0
2018-08-20,65.78,66.0,65.18,65.63,63.6644764014,1355934,0.0,1.0
2018-08-21,65.63,66.11,65.0,65.24,63.2861563375,1734772,0.0,1.0
2018-08-22,65.32,66.25,65.01,66.18,64.1980046967,1132742,0.0,1.0
2018-08-23,65.86,67.38,65.8,67.08,65.0710509981,745617,0.0,1.0
2018-08-24,66.91,67.38,66.72,67.03,65.0225484258,1001594,0.0,1.0
2018-08-27,67.45,68.46,67.35,68.12,66.079904502,878538,0.0,1.0
2018-08-28,67.91,68.65,67.67,67.9,65.8664931839,601972,0.0,1.0
2018-08-29,68.21,68.37,67.63,67.73,65.701584438,499370,0.0,1.0
2018-08-30,67.54,67.93,66.91,67.12,65.109853056,457364,0.0,1.0
2018-08-31,67.2,67.72,66.83,67.6,65.5754777501,461962,0.0,1.0
2018-09-04,67.65,67.89,67.05,67.17,65.1583556283,570011,0.0,1.0
2018-09-05,66.83,67.51,66.54,67.3,65.2844623163,549547,0.0,1.0
2018-09-06,67.03,67.54,66.81,67.22,65.2068582006,783278,0.0,1.0
2018-09-07,67.02,67.245,66.715,66.83,64.8285381366,377583,0.0,1.0
2018-09-10,67.04,67.208,66.85,67.03,65.0225484258,410064,0.0,1.0
2018-09-11,66.72,67.39,66.488,67.13,65.1195535704,466126,0.0,1.0
2018-09-12,67.22,67.47,66.46,67.14,65.1292540849,464093,0.0,1.0
2018-09-13,67.12,67.79,66.61,67.35,65.3329648886,507977,0.0,1.0
2018-09-14,67.35,68.19,67.22,68.01,65.9731988429,533565,0.0,1.0
2018-09-17,68.06,68.06,66.68,66.69,64.6927309342,602922,0.0,1.0
2018-09-18,66.5,67.833,65.59,66.84,64.8382386511,1182809,0.0,1.0
2018-09-19,66.97,67.21,65.21,65.26,63.3055573664,1646567,0.0,1.0
2018-09-20,65.27,66.27,64.68,66.13,64.1495021244,1029134,0.0,1.0
2018-09-21,66.92,67.49,66.73,67.0,64.9934468825,1450557,0.0,1.0
2018-09-24,66.81,67.21,65.87,66.43,64.4405175582,1674645,0.0,1.0
2018-09-25,66.46,67.14,66.24,67.1,65.0904520271,700371,0.0,1.0
2018-09-26,67.08,67.25,66.47,66.7,64.7024314486,1040857,0.0,1.0
2018-09-27,66.29,66.41,65.24,65.59,63.6256743436,1582763,0.0,1.0
2018-09-28,65.38,66.67,65.05,66.6,64.605426304,1397950,0.0,1.0
2018-10-01,66.96,67.0,65.8,65.94,63.9651923497,1468470,0.0,1.0
2018-10-02,69.66,72.47,68.25,72.0,69.8437041125,3305785,0.0,1.0
2018-10-03,72.94,73.9,72.19,72.24,70.0765164595,1437929,0.0,1.0
2018-10-04,72.08,73.44,71.81,73.25,71.05626842,1373786,0.0,1.0
2018-10-05,73.44,74.83,73.28,74.7,72.4628430167,1516277,0.0,1.0
2018-10-08,74.36,75.09,73.35,73.99,71.77410649,1962356,0.0,1.0
2018-10-09,74.1,75.81,73.83,74.62,72.385238901,1729727,0.0,1.0
2018-10-10,74.64,74.84,73.0,73.22,71.0271668766,4301626,0.0,1.0
2018-10-11,72.99,73.09,71.875,72.13,69.9698108005,1548315,0.0,1.0
2018-10-12,72.66,73.19,72.09,72.96,70.7749535007,1023139,0.0,1.0
2018-10-15,73.06,73.66,72.5,73.18,70.9883648188,601722,0.0,1.0
2018-10-16,73.53,75.34,73.33,75.27,73.0157723409,972785,0.0,1.0
2018-10-17,75.12,76.255,74.5,76.11,73.8306155556,893179,0.0,1.0
2018-10-18,76.11,76.78,75.02,75.65,73.3843918904,694263,0.0,1.0
2018-10-19,76.35,76.84,75.99,76.57,74.2768392207,757285,0.0,1.0
2018-10-22,76.96,77.7,76.43,77.15,74.8394690594,720776,0.0,1.0
2018-10-23,76.58,78.35,75.82,78.16,75.8192210199,869137,0.0,1.0
2018-10-24,78.25,79.97,78.08,79.05,76.6825668068,1673365,0.0,1.0
2018-10-25,78.13,78.75,77.35,78.05,75.7125153608,1289418,0.0,1.0
2018-10-26,77.51,77.87,76.7,77.01,74.703661857,972812,0.0,1.0
2018-10-29,77.7,78.96,76.71,77.2,74.8879716317,1351042,0.0,1.0
2018-10-30,77.33,78.682,76.03,76.79,74.4902505389,1541830,0.0,1.0
2018-10-31,76.82,79.06,76.23,78.16,75.8192210199,1343467,0.0,1.0
2018-11-01,78.16,78.21,76.52,77.23,75.1025955141,935002,0.1913,1.0
2018-11-02,77.45,78.23,76.3,76.98,74.8594821012,1008813,0.0,1.0
2018-11-05,77.03,78.705,77.01,78.63,76.4640306264,1032663,0.0,1.0
2018-11-06,78.64,80.43,78.63,80.26,78.0491300785,1220102,0.0,1.0
2018-11-07,80.4,81.63,80.4,80.81,78.5839795869,832904,0.0,1.0
2018-11-08,80.6,81.85,80.33,81.68,79.4300142638,1323774,0.0,1.0
2018-11-09,81.5,82.035,81.14,82.02,79.7606485054,901219,0.0,1.0
2018-11-12,82.0,82.81,81.32,82.14,79.8773429436,1195016,0.0,1.0
2018-11-13,82.17,83.46,81.74,83.35,81.054011862,1127338,0.0,1.0
2018-11-14,83.34,83.86,82.7,82.99,80.7039285474,1483821,0.0,1.0
2018-11-15,81.9,82.77,80.55,82.21,79.9454146992,1223210,0.0,1.0
2018-11-16,82.2,83.64,82.06,82.65,80.3732943059,1079304,0.0,1.0
2018-11-19,82.38,83.08,80.63,80.81,78.5839795869,1469254,0.0,1.0
2018-11-20,80.5,80.77,79.82,80.6,78.3797643201,1086980,0.0,1.0
2018-11-21,80.66,82.03,80.65,81.79,79.5369841655,676303,0.0,1.0
2018-11-23,81.39,82.06,80.66,81.15,78.9146138285,480018,0.0,1.0
2018-11-26,81.74,81.84,79.98,80.37,78.1560999802,1703451,0.0,1.0
2018-11-27,78.36,79.59,77.19,77.55,75.4137806827,3391838,0.0,1.0
2018-11-28,77.5,78.23,76.14,77.1,74.9761765394,2684593,0.0,1.0
2018-11-29,77.3,78.77,76.66,76.74,74.6260932249,2621791,0.0,1.0
2018-11-30,76.9,77.65,75.83,76.7,74.5871950788,39405351,0.0,1.0
2018-12-03,77.33,77.4,74.64,75.58,73.498046989,3214485,0.0,1.0
2018-12-04,75.86,76.87,75.3,75.49,73.4105261603,3028307,0.0,1.0
2018-12-06,75.5,76.3,72.98,74.13,72.0879891941,2525540,0.0,1.0
2018-12-07,74.3,74.52,73.19,73.45,71.426720711,1580778,0.0,1.0
2018-12-10,73.64,73.64,72.29,73.37,71.3489244189,2327936,0.0,1.0
2018-12-11,73.9,75.79,73.67,75.17,73.0993409918,1820509,0.0,1.0
2018-12-12,75.61,77.203,75.6,76.39,74.2857344468,1750682,0.0,1.0
2018-12-13,76.35,77.87,76.19,77.69,75.5499241939,1376337,0.0,1.0
2018-12-14,77.47,77.72,75.5,75.83,73.7411604019,1780292,0.0,1.0
2018-12-17,75.7,76.7,75.205,75.44,73.3619034778,2019276,0.0,1.0
2018-12-18,75.96,76.495,75.03,75.63,73.5466696716,1660422,0.0,1.0
2018-12-19,75.99,77.36,74.72,74.99,72.9242993345,1771918,0.0,1.0
2018-12-20,74.75,75.4,72.71,73.4,71.3780980285,1965568,0.0,1.0
2018-12-21,73.75,75.21,73.29,73.6,71.5725887588,2323565,0.0,1.0
2018-12-24,73.58,74.43,70.91,71.53,69.5596096999,548368,0.0,1.0
2018-12-26,71.9,73.65,71.66,73.37,71.3489244189,2635121,0.0,1.0
2018-12-27,72.79,73.74,71.57,73.73,71.6990077335,1473703,0.0,1.0
2018-12-28,74.07,74.49,72.93,73.61,71.5823132953,823010,0.0,1.0
2018-12-31,73.61,73.75,72.6995,73.56,71.5336906127,849623,0.0,1.0
2019-01-02,73.23,74.09,72.17,73.66,71.6309359779,2203779,0.0,1.0
2019-01-03,73.14,73.88,72.77,72.98,70.9696674948,2178826,0.0,1.0
2019-01-04,75.1,76.88,74.66,75.58,73.498046989,2716396,0.0,1.0
2019-01-07,75.59,75.59,69.85,70.55,68.6066051214,3497867,0.0,1.0
2019-01-08,70.61,71.61,69.81,70.91,68.9566884359,2914302,0.0,1.0
2019-01-09,71.16,71.21,69.67,69.72,67.7994685905,1763517,0.0,1.0
2019-01-10,69.72,69.89,68.9,69.86,67.9356121018,1403265,0.0,1.0
2019-01-11,69.86,69.86,69.0,69.47,67.5563551776,968039,0.0,1.0
2019-01-14,69.46,69.46,65.87,67.64,65.7767649952,1960693,0.0,1.0
2019-01-15,67.65,69.14,67.43,68.9,67.0020565962,1738831,0.0,1.0
2019-01-16,69.22,71.11,69.21,70.18,68.2467972703,1986065,0.0,1.0
2019-01-17,70.0,71.25,69.92,70.9,68.9469638994,1487054,0.0,1.0
2019-01-18,71.13,71.76,70.68,70.88,68.9275148264,1927635,0.0,1.0
2019-01-22,70.89,71.47,70.33,70.75,68.8010958517,1429015,0.0,1.0
2019-01-23,71.94,73.6,71.58,72.73,70.7265540819,1791258,0.0,1.0
2019-01-24,71.99,72.5,70.84,71.36,69.3942925792,1286109,0.0,1.0
2019-01-25,71.77,72.0,70.5,71.1,69.1414546298,1437859,0.0,1.0
2019-01-28,70.63,71.52,70.13,71.4,69.4331907252,2788410,0.0,1.0
2019-01-29,71.33,72.76,71.33,72.44,70.4445425229,1236247,0.0,1.0
2019-01-30,72.71,73.0,72.26,72.58,70.5806860341,846528,0.0,1.0
2019-01-31,72.14,72.45,71.07,72.3,70.502889742,1343638,0.2,1.0
2019-02-01,72.48,72.55,71.605,72.4,70.6004041123,1837439,0.0,1.0
2019-02-04,72.16,72.33,70.84,71.3,69.5277460388,1440346,0.0,1.0
2019-02-05,71.39,72.01,71.18,71.64,69.8592948979,945498,0.0,1.0
2019-02-06,71.48,71.63,70.74,71.31,69.5374974758,782936,0.0,1.0
2019-02-07,70.95,71.37,70.23,70.61,68.8548968836,1310659,0.0,1.0
2019-02-08,70.29,70.62,70.01,70.62,68.8646483206,1095280,0.0,1.0
2019-02-11,70.86,71.0,69.81,70.39,68.6403652689,1202671,0.0,1.0
2019-02-12,70.34,70.77,69.0,69.02,67.3044183955,1521319,0.0,1.0
2019-02-13,69.22,69.49,68.37,68.56,66.855852292,2659158,0.0,1.0
2019-02-14,68.33,69.52,67.92,68.97,67.2556612103,2305380,0.0,1.0
2019-02-15,69.52,69.89,69.0,69.51,67.7822388101,1393391,0.0,1.0
2019-02-19,69.46,70.44,69.4,70.3,68.5526023356,1552059,0.0,1.0
2019-02-20,70.17,70.42,69.87,70.06,68.3185678468,1480313,0.0,1.0
2019-02-21,70.0,70.99,69.9,70.98,69.2157000538,990108,0.0,1.0
2019-02-22,70.05,70.86,69.65,70.5,68.7476310762,962135,0.0,1.0
2019-02-25,70.8,70.96,69.27,69.49,67.762735936,1164720,0.0,1.0
2019-02-26,69.77,70.05,68.93,69.0,67.2849155214,1826331,0.0,1.0
2019-02-27,68.84,69.115,67.84,69.1,67.3824298917,1306911,0.0,1.0
2019-02-28,69.2,69.66,68.64,69.31,67.5872100694,1265695,0.0,1.0
2019-03-01,69.69,70.97,69.12,70.95,69.1864457427,1156807,0.0,1.0
2019-03-04,70.93,70.94,70.01,70.79,69.0304227502,2055465,0.0,1.0
2019-03-05,70.73,71.16,70.433,71.16,69.3912259204,1255318,0.0,1.0
2019-03-06,71.25,71.75,70.41,70.54,68.7866368244,1349399,0.0,1.0
2019-03-07,70.55,71.205,70.18,70.51,68.7573825133,1737081,0.0,1.0
2019-03-08,70.46,70.46,69.795,70.01,68.2698106617,1011200,0.0,1.0
2019-03-11,69.96,70.46,69.6,70.21,68.4648394023,1504167,0.0,1.0
2019-03-12,70.43,70.475,69.6,69.7,67.9675161137,1347904,0.0,1.0
2019-03-13,69.71,70.01,69.4,69.84,68.1040362321,1163883,0.0,1.0
2019-03-14,69.98,69.98,68.13,68.19,66.4950491218,1989963,0.0,1.0
2019-03-15,68.04,69.57,67.96,69.51,67.7822388101,3240517,0.0,1.0
2019-03-18,69.38,70.37,69.24,69.9,68.1625448543,1580981,0.0,1.0
2019-03-19,70.14,70.33,69.36,69.71,67.9772675507,860781,0.0,1.0
2019-03-20,69.86,70.155,68.88,69.37,67.6457186916,1149950,0.0,1.0
2019-03-21,69.55,71.0,69.2,71.0,69.2352029278,1108381,0.0,1.0
2019-03-22,71.27,72.03,70.83,71.66,69.878797772,1241218,0.0,1.0
2019-03-25,71.57,73.28,71.5,72.83,71.0197159047,1798146,0.0,1.0
2019-03-26,72.86,73.18,72.23,73.0,71.1854903343,1276322,0.0,1.0
2019-03-27,73.11,73.37,72.11,72.27,70.4736354309,1378928,0.0,1.0
2019-03-28,72.49,74.345,72.19,73.92,72.0826225412,2107899,0.0,1.0
2019-03-29,74.18,75.24,73.32,74.94,73.0772691185,2903360,0.0,1.0
2019-04-01,74.79,75.43,73.71,73.97,72.1313797264,2302686,0.0,1.0
2019-04-02,79.0,79.1,73.12,74.36,72.5116857706,6500074,0.0,1.0
2019-04-03,74.54,75.43,73.08,73.09,71.2732532675,2836242,0.0,1.0
2019-04-04,73.08,73.15,70.3,70.32,68.5721052097,2405205,0.0,1.0
2019-04-05,70.19,71.66,69.64,71.63,69.8495434609,2512710,0.0,1.0
2019-04-08,71.92,73.2,71.72,72.87,71.0587216528,1527943,0.0,1.0
2019-04-09,72.67,72.94,71.95,72.92,71.107478838,1220479,0.0,1.0
2019-04-10,73.08,73.53,72.245,72.4,70.6004041123,1176902,0.0,1.0
2019-04-11,72.33,72.58,71.27,71.63,69.8495434609,1192443,0.0,1.0
2019-04-12,71.49,71.55,70.58,71.11,69.3424687352,1008117,0.0,1.0
2019-04-15,71.14,71.65,70.93,71.2,69.4302316685,900254,0.0,1.0
2019-04-16,71.22,71.63,69.63,69.66,67.9285103655,1209637,0.0,1.0
2019-04-17,69.75,69.96,68.59,68.63,66.9241123512,1185976,0.0,1.0
2019-04-18,68.62,68.62,67.08,67.62,65.939217211,2237221,0.0,1.0
2019-04-22,67.73,68.93,67.19,68.9,67.1874011511,1403968,0.0,1.0
2019-04-23,68.75,69.81,68.75,69.48,67.752984499,1194263,0.0,1.0
2019-04-24,69.66,69.81,68.82,69.29,67.5677071954,1303628,0.0,1.0
2019-04-25,68.72,69.67,68.66,69.2,67.4799442621,759972,0.0,1.0
2019-04-26,69.41,70.2,68.68,69.69,67.9577646766,955418,0.0,1.0
2019-04-29,69.47,69.51,68.0,68.55,66.846100855,1482686,0.0,1.0
2019-04-30,68.57,70.17,68.07,70.05,68.3088164098,1541354,0.0,1.0
2019-05-01,69.94,70.65,69.9,70.1,68.357573595,1273989,0.0,1.0
2019-05-02,69.77,69.77,65.23,66.37,64.9153163226,3550016,0.2,1.0
2019-05-03,66.53,67.16,65.46,67.1,65.6293163364,2289772,0.0,1.0
2019-05-06,66.51,67.69,66.29,67.5,66.0205492207,1260851,0.0,1.0
2019-05-07,68.61,68.83,66.83,68.25,66.7541108787,2877879,0.0,1.0
2019-05-08,68.15,68.63,67.89,68.3,66.8030149892,2047211,0.0,1.0
2019-05-09,68.18,68.73,67.93,68.63,67.1257821188,1443985,0.0,1.0
2019-05-10,68.46,68.46,67.22,67.45,65.9716451102,1224998,0.0,1.0
2019-05-13,66.99,67.21,65.43,66.54,65.0815902984,2145695,0.0,1.0
2019-05-14,66.76,67.835,66.58,67.02,65.5510697596,1980326,0.0,1.0
2019-05-15,67.08,68.12,66.66,67.07,65.5999738701,2318938,0.0,1.0
2019-05-16,67.25,68.05,66.85,66.88,65.4141382501,2356532,0.0,1.0
2019-05-17,66.83,67.83,65.95,67.63,66.1476999081,1512746,0.0,1.0
2019-05-20,67.63,68.42,67.46,67.54,66.0596725091,1487171,0.0,1.0
2019-05-21,67.57,67.955,65.22,65.36,63.9274532898,2769605,0.0,1.0
2019-05-22,65.36,65.95,63.57,63.66,62.2647135317,1931606,0.0,1.0
2019-05-23,63.29,63.49,62.46,63.08,61.6974258495,1958010,0.0,1.0
2019-05-24,63.18,63.45,61.92,62.13,60.7682477494,2018143,0.0,1.0
2019-05-28,62.13,62.319,60.08,60.79,59.457617587,4988713,0.0,1.0
2019-05-29,60.6,60.74,59.64,59.93,58.6164668859,2360779,0.0,1.0
2019-05-30,59.91,60.425,59.61,60.05,58.7338367511,1226959,0.0,1.0
2019-05-31,59.84,59.925,59.16,59.25,57.9513709826,1327029,0.0,1.0
2019-06-03,59.25,60.35,59.19,60.24,58.9196723712,1154761,0.0,1.0
2019-06-04,60.36,61.26,60.06,61.23,59.8879737597,3288881,0.0,1.0
2019-06-05,61.59,62.42,61.04,62.35,60.9834258357,1624417,0.0,1.0
2019-06-06,62.14,62.57,61.52,62.39,61.0225491241,1387728,0.0,1.0
2019-06-07,62.58,62.75,60.66,60.99,59.6532340292,1568976,0.0,1.0
2019-06-10,60.9,61.605,60.49,61.42,60.0738093798,1089836,0.0,1.0
2019-06-11,61.42,62.35,61.42,61.92,60.5628504851,920986,0.0,1.0
2019-06-12,62.14,62.606,61.24,61.37,60.0249052692,691267,0.0,1.0
2019-06-13,61.43,61.51,60.65,61.21,59.8684121155,1135869,0.0,1.0
2019-06-14,61.33,61.91,61.21,61.71,60.3574532209,1295111,0.0,1.0
2019-06-17,61.44,61.52,59.605,59.85,58.538220309,1304082,0.0,1.0
2019-06-18,59.99,60.18,58.83,58.97,57.6775079636,1070925,0.0,1.0
2019-06-19,60.76,61.44,59.15,61.32,59.9760011587,1646652,0.0,1.0
2019-06-20,61.44,62.15,61.13,61.34,59.9955628029,1041283,0.0,1.0
2019-06-21,61.33,61.89,60.452,60.84,59.5065216976,1955287,0.0,1.0
2019-06-24,60.79,61.42,60.44,60.76,59.4282751207,1045112,0.0,1.0
2019-06-25,60.83,62.81,60.54,62.54,61.1692614557,2027374,0.0,1.0
2019-06-26,62.12,63.29,62.07,63.0,61.6191792726,2281325,0.0,1.0
2019-06-27,62.74,62.74,61.11,61.7,60.3476723988,1315009,0.0,1.0
2019-06-28,61.85,63.38,61.7,63.36,61.9712888685,2422049,0.0,1.0
2019-07-01,63.53,63.63,62.28,62.53,61.1594806336,1067146,0.0,1.0
2019-07-02,62.84,63.55,62.54,62.62,61.2475080326,998698,0.0,1.0
2019-07-03,62.65,63.96,62.65,63.72,62.3233984643,670897,0.0,1.0
2019-07-05,63.54,64.38,63.3,64.34,62.929809435,706056,0.0,1.0
2019-07-08,64.43,64.78,63.96,64.39,62.9787135455,956413,0.0,1.0
2019-07-09,64.37,65.35,63.64,65.08,63.6535902709,2706597,0.0,1.0
2019-07-10,65.0,66.89,64.77,66.2,64.7490423468,2535029,0.0,1.0
2019-07-11,66.29,67.755,66.25,67.58,66.0987957975,2758644,0.0,1.0
2019-07-12,67.6,67.76,65.89,65.93,64.4849601499,2027526,0.0,1.0
2019-07-15,66.0,66.81,65.41,66.37,64.9153163226,1269356,0.0,1.0
2019-07-16,66.63,67.015,66.35,66.79,65.3261108511,1250361,0.0,1.0
2019-07-17,66.71,67.14,66.47,67.08,65.6097546922,810943,0.0,1.0
2019-07-18,67.2,68.06,66.67,67.96,66.4704670376,892554,0.0,1.0
2019-07-19,68.05,68.85,67.94,68.57,67.0670971861,1647214,0.0,1.0
2019-07-22,68.64,68.77,67.5,67.56,66.0792341533,1979670,0.0,1.0
2019-07-23,65.63,65.63,63.13,63.66,62.2647135317,3855735,0.0,1.0
2019-07-24,63.19,64.12,62.03,63.49,62.0984395559,2441691,0.0,1.0
2019-07-25,63.1,64.9,63.01,64.79,63.3699464298,1483594,0.0,1.0
2019-07-26,65.12,65.2,64.08,64.68,63.2623573866,1319926,0.0,1.0
2019-07-29,64.86,65.74,64.48,65.55,64.1132889099,1061900,0.0,1.0
2019-07-30,65.71,67.75,65.33,67.54,66.0596725091,1642121,0.0,1.0
2019-07-31,67.7,67.7,66.405,67.12,65.6488779806,2230616,0.0,1.0
2019-08-01,67.26,67.78,66.53,66.55,65.2869875627,1137630,0.2,1.0
2019-08-02,66.7,67.38,66.24,67.06,65.7873085793,1101635,0.0,1.0
2019-08-05,66.63,66.81,64.55,65.36,64.1195718572,1022111,0.0,1.0
2019-08-06,65.41,66.1,64.78,64.95,63.7173530007,1225542,0.0,1.0
2019-08-07,64.83,65.78,63.69,65.62,64.3746374735,970779,0.0,1.0
2019-08-08,65.08,67.26,65.08,66.84,65.571483827,1236921,0.0,1.0
2019-08-09,67.05,67.2,66.22,67.06,65.7873085793,547983,0.0,1.0
2019-08-12,66.86,68.01,66.647,67.9,66.6113667244,780707,0.0,1.0
2019-08-13,67.91,68.38,67.13,67.3,66.0227537636,1410248,0.0,1.0
2019-08-14,67.23,67.72,66.47,66.8,65.532242963,1232556,0.0,1.0
2019-08-15,66.94,68.2,66.77,67.9,66.6113667244,749072,0.0,1.0
2019-08-16,68.19,69.18,67.45,68.81,67.5040963815,793655,0.0,1.0
2019-08-19,69.04,70.38,68.99,70.12,68.7892346791,1447094,0.0,1.0
2019-08-20,69.84,69.84,67.92,68.25,66.9547242848,1249621,0.0,1.0
2019-08-21,68.51,69.14,68.23,68.44,67.141118389,732508,0.0,1.0
2019-08-22,68.63,69.96,68.47,69.51,68.1908115024,752675,0.0,1.0
2019-08-23,69.42,69.95,68.1,68.4,67.101877525,674330,0.0,1.0
2019-08-26,68.83,69.12,68.47,68.87,67.5629576776,600433,0.0,1.0
2019-08-27,68.88,69.26,67.94,68.45,67.150928605,629958,0.0,1.0
2019-08-28,68.56,69.16,68.17,68.77,67.4648555174,478897,0.0,1.0
2019-08-29,69.2,70.01,68.88,69.92,68.5930303589,429052,0.0,1.0
2019-08-30,70.28,70.77,70.11,70.39,69.0541105115,773648,0.0,1.0
2019-09-03,70.1,71.4,69.81,71.36,70.0057014647,612323,0.0,1.0
2019-09-04,71.59,72.48,71.285,72.38,71.0063434979,897512,0.0,1.0
2019-09-05,72.76,72.83,71.63,71.79,70.4275407532,920262,0.0,1.0
2019-09-06,71.97,72.44,71.14,71.22,69.8683584405,843592,0.0,1.0
2019-09-09,71.3,71.48,70.34,71.06,69.7113949843,526940,0.0,1.0
2019-09-10,70.77,70.78,69.76,70.57,69.2306943997,693014,0.0,1.0
2019-09-11,70.6,71.77,70.02,71.58,70.2215262169,656797,0.0,1.0
2019-09-12,71.85,72.22,71.6,71.95,70.5845042094,522295,0.0,1.0
2019-09-13,71.83,73.0,71.35,72.15,70.7807085296,913441,0.0,1.0
2019-09-16,72.26,73.65,71.94,73.19,71.8009709949,920997,0.0,1.0
2019-09-17,72.88,74.01,72.651,74.0,72.5955984919,1113169,0.0,1.0
2019-09-18,74.12,74.29,72.94,73.75,72.3503430916,1063255,0.0,1.0
2019-09-19,73.73,74.01,73.475,73.63,72.2326204995,1059027,0.0,1.0
2019-09-20,74.0,74.22,72.81,73.52,72.1247081233,1413187,0.0,1.0
2019-09-23,73.68,74.44,73.22,74.14,72.7329415161,1031760,0.0,1.0
2019-09-24,74.28,74.81,73.66,73.86,72.4582554678,952235,0.0,1.0
2019-09-25,73.64,74.33,73.16,73.86,72.4582554678,987390,0.0,1.0
2019-09-26,74.13,74.49,73.56,73.59,72.1933796354,940714,0.0,1.0
2019-09-27,73.84,73.84,72.67,73.36,71.9677446671,723288,0.0,1.0
2019-09-30,73.34,73.49,72.26,72.72,71.3398908423,1651093,0.0,1.0
2019-10-01,72.82,74.745,72.82,73.57,72.1737592034,2015179,0.0,1.0
2019-10-02,73.6,74.67,72.51,73.35,71.9579344511,3604743,0.0,1.0
2019-10-03,73.54,77.88,73.47,77.88,76.4019623048,2610626,0.0,1.0
2019-10-04,78.0,79.39,76.99,77.77,76.2940499286,1357408,0.0,1.0
2019-10-07,77.54,77.716,75.7,75.91,74.4693497503,1346067,0.0,1.0
2019-10-08,75.76,76.97,75.23,76.57,75.1168240071,1349120,0.0,1.0
2019-10-09,76.57,76.98,75.73,75.96,74.5184008304,574758,0.0,1.0
2019-10-10,75.79,76.92,75.43,76.41,74.9598605509,836885,0.0,1.0
2019-10-11,76.55,76.88,76.03,76.09,74.6459336385,521689,0.0,1.0
2019-10-14,76.19,76.345,75.52,75.84,74.4006782382,458455,0.0,1.0
2019-10-15,75.94,76.2,75.16,75.5,74.0671308938,723863,0.0,1.0
2019-10-16,75.7,76.23,74.95,76.23,74.7832766627,761980,0.0,1.0
2019-10-17,76.41,77.53,76.22,77.05,75.5877143757,729012,0.0,1.0
2019-10-18,77.13,77.32,76.62,76.97,75.5092326476,627661,0.0,1.0
2019-10-21,76.97,77.18,76.59,76.82,75.3620794074,582179,0.0,1.0
2019-10-22,77.18,77.18,75.18,75.33,73.9003572216,706886,0.0,1.0
2019-10-23,75.33,75.54,74.17,74.81,73.3902259889,1140133,0.0,1.0
2019-10-24,74.81,74.81,73.75,74.6,73.1842114527,763806,0.0,1.0
2019-10-25,74.88,75.31,74.22,75.0,73.5766200932,728093,0.0,1.0
2019-10-28,75.15,76.42,75.15,76.03,74.5870723425,675836,0.0,1.0
2019-10-29,75.99,77.165,75.705,77.02,75.5582837277,649728,0.0,1.0
2019-10-30,77.14,78.1,76.7,77.75,76.2744294966,614704,0.0,1.0
2019-10-31,77.58,78.22,76.62,78.04,76.7551300812,944432,0.2,1.0
2019-11-01,78.34,78.52,77.395,77.57,76.2928682778,867757,0.0,1.0
2019-11-04,77.44,77.99,76.76,77.21,75.9387954071,1392883,0.0,1.0
2019-11-05,77.04,77.49,76.62,76.86,75.5945578939,740702,0.0,1.0
2019-11-06,76.95,79.23,76.95,79.07,77.7681719057,847297,0.0,1.0
2019-11-07,79.21,79.42,78.29,79.0,77.6993244031,802448,0.0,1.0
2019-11-08,78.93,79.0,78.39,78.95,77.6501476155,460398,0.0,1.0
2019-11-11,78.72,80.49,78.696,80.49,79.1647926735,674084,0.0,1.0
2019-11-12,80.41,80.81,79.71,80.12,78.8008844452,903683,0.0,1.0
2019-11-13,79.99,81.3,79.77,81.0,79.6663959069,799149,0.0,1.0
2019-11-14,81.07,81.47,80.29,81.04,79.705737337,658048,0.0,1.0
2019-11-15,81.2,82.94,81.05,82.94,81.5744552657,1456213,0.0,1.0
2019-11-18,82.7,84.33,82.47,83.36,81.9875402815,2261812,0.0,1.0
2019-11-19,83.53,84.25,83.18,83.75,82.3711192248,963860,0.0,1.0
2019-11-20,83.71,84.225,83.165,83.49,82.1153999293,819238,0.0,1.0
2019-11-21,83.24,83.47,82.23,82.84,81.4761016905,952831,0.0,1.0
2019-11-22,83.07,83.32,82.58,82.91,81.5449491931,691076,0.0,1.0
2019-11-25,83.27,83.75,83.12,83.43,82.0563877842,858965,0.0,1.0
2019-11-26,83.7,84.11,83.17,83.85,82.4694728,2633064,0.0,1.0
2019-11-27,83.85,84.25,83.6,84.02,82.6366738778,917414,0.0,1.0
2019-11-29,83.97,84.38,83.6,83.98,82.5973324477,544826,0.0,1.0
2019-12-02,83.81,84.18,82.82,84.03,82.6465092353,1691670,0.0,1.0
2019-12-03,83.95,84.78,83.6,84.41,83.020252821,974604,0.0,1.0
2019-12-04,84.22,84.99,83.73,84.13,82.7448628105,1152617,0.0,1.0
2019-12-05,84.35,84.8,84.1,84.41,83.020252821,681112,0.0,1.0
2019-12-06,84.4,84.96,84.14,84.22,82.8333810282,698579,0.0,1.0
2019-12-09,84.26,84.355,83.92,84.16,82.7743688831,707309,0.0,1.0
2019-12-10,84.29,84.5,83.945,84.02,82.6366738778,638108,0.0,1.0
2019-12-11,84.27,84.86,83.97,84.38,82.9907467485,474837,0.0,1.0
2019-12-12,84.36,85.08,83.52,84.11,82.7251920955,821945,0.0,1.0
2019-12-13,83.89,84.56,83.3,84.1,82.7153567379,1395798,0.0,1.0
2019-12-16,84.05,84.585,83.458,83.97,82.5874970902,1172907,0.0,1.0
2019-12-17,84.03,84.78,83.965,84.09,82.7055213804,723182,0.0,1.0
2019-12-18,84.31,84.44,83.43,84.17,82.7842042406,968641,0.0,1.0
2019-12-19,84.39,84.91,83.89,84.2,82.8137103131,1027523,0.0,1.0
2019-12-20,84.86,86.24,84.215,85.83,84.4168735888,2257194,0.0,1.0
2019-12-23,86.23,86.23,85.45,85.5,84.0923067907,553443,0.0,1.0
2019-12-24,85.56,85.82,85.14,85.14,83.73823392,444585,0.0,1.0
2019-12-26,85.18,86.16,85.15,86.15,84.7316050294,370132,0.0,1.0
2019-12-27,86.22,86.59,85.84,86.07,84.6529221693,427707,0.0,1.0
2019-12-30,85.96,86.05,85.23,85.45,84.0431300031,396997,0.0,1.0
2019-12-31,85.52,86.07,84.87,86.03,84.6135807392,1044849,0.0,1.0
2020-01-02,85.77,86.07,83.947,84.09,82.7055213804,1593359,0.0,1.0
2020-01-03,87.15,94.46,86.19,93.56,92.0196049513,3940555,0.0,1.0
2020-01-06,92.45,92.51,90.48,90.7,89.2066927007,1960184,0.0,1.0
2020-01-07,90.55,91.92,90.2,91.21,89.7082959342,1791770,0.0,1.0
2020-01-08,91.2,92.25,91.03,91.26,89.7574727218,1516374,0.0,1.0
2020-01-09,91.95,91.99,90.58,90.79,89.2952109184,945692,0.0,1.0
2020-01-10,90.83,91.27,90.21,90.48,88.9903148353,908916,0.0,1.0
2020-01-13,90.27,91.91,90.27,91.23,89.7279666493,1586848,0.0,1.0
2020-01-14,91.06,91.59,90.37,90.67,89.1771866282,685477,0.0,1.0
2020-01-15,90.73,92.02,90.67,90.88,89.3837291361,809325,0.0,1.0
2020-01-16,90.94,91.69,90.59,91.0,89.5017534263,681999,0.0,1.0
2020-01-17,91.21,91.43,90.49,90.5,89.0099855503,908457,0.0,1.0
2020-01-21,90.52,91.44,90.49,91.2,89.6984605767,1010850,0.0,1.0
2020-01-22,91.23,92.16,91.07,91.19,89.6886252192,1001395,0.0,1.0
2020-01-23,90.95,91.46,90.655,90.89,89.3935644936,901311,0.0,1.0
2020-01-24,91.09,91.16,90.29,90.69,89.1968573432,519044,0.0,1.0
2020-01-27,90.64,91.7,90.27,90.43,88.9411380477,907160,0.0,1.0
2020-01-28,90.11,91.99,89.8,91.66,90.1508870226,1016466,0.0,1.0
2020-01-29,91.6,92.64,90.8,92.05,90.5344659659,739711,0.0,1.0
2020-01-30,91.53,92.35,91.24,92.12,90.8295266914,740226,0.23,1.0
2020-01-31,91.87,92.76,91.22,91.31,90.0308736669,932907,0.0,1.0
2020-02-03,91.67,91.96,91.07,91.75,90.4647098778,1438177,0.0,1.0
2020-02-04,92.21,92.99,91.785,92.28,90.9872853136,660610,0.0,1.0
2020-02-05,92.38,93.48,92.06,92.58,91.2830827301,973412,0.0,1.0
2020-02-06,92.77,93.59,92.51,93.17,91.8648176492,1128160,0.0,1.0
2020-02-07,93.38,94.53,93.04,94.45,93.1268866262,611036,0.0,1.0
2020-02-10,94.43,94.97,94.19,94.58,93.2550655067,580416,0.0,1.0
2020-02-11,94.61,95.42,94.4,95.13,93.7973607703,676680,0.0,1.0
2020-02-12,94.98,95.42,94.15,94.51,93.1860461095,465405,0.0,1.0
2020-02-13,94.6,95.42,94.23,95.09,93.7579211147,506355,0.0,1.0
2020-02-14,95.14,95.6,94.54,95.17,93.8368004258,466209,0.0,1.0
2020-02-18,94.94,95.93,94.7,95.87,94.5269943976,962837,0.0,1.0
2020-02-19,95.98,96.32,94.13,94.35,93.0282874874,534219,0.0,1.0
2020-02-20,94.23,94.96,93.86,94.92,93.5903025787,527606,0.0,1.0
2020-02-21,94.92,95.14,94.535,94.84,93.5114232676,421705,0.0,1.0
2020-02-24,94.0,95.61,93.65,95.32,93.984699134,713903,0.0,1.0
2020-02-25,95.2,96.11,93.74,93.77,92.4564124822,937425,0.0,1.0
2020-02-26,94.01,95.025,92.485,92.54,91.2436430745,778537,0.0,1.0
2020-02-27,92.1,92.84,89.44,89.45,88.1969296846,983206,0.0,1.0
2020-02-28,88.1,88.27,85.41,86.89,85.6727917306,2623123,0.0,1.0
2020-03-02,86.94,88.45,85.21,86.65,85.4361537974,2420914,0.0,1.0
2020-03-03,86.44,88.32,84.974,85.5,84.3022637008,1628827,0.0,1.0
2020-03-04,86.56,88.28,86.17,88.09,86.8559813965,1446473,0.0,1.0
2020-03-05,87.32,87.945,85.95,86.36,85.1502162947,1368905,0.0,1.0
2020-03-06,83.78,84.13,80.17,83.37,82.2021020437,2409459,0.0,1.0
2020-03-09,79.76,79.99,73.25,73.38,72.3520480744,1633315,0.0,1.0
2020-03-10,75.0,75.0,70.88,72.73,71.711153672,2145437,0.0,1.0
2020-03-11,71.01,73.0,70.175,71.43,70.4293648672,2586469,0.0,1.0
2020-03-12,67.57,68.93,62.24,63.36,62.4724143635,2194416,0.0,1.0
2020-03-13,65.78,66.36,60.39,63.85,62.9555501438,2528822,0.0,1.0
2020-03-16,58.32,60.98,51.47,52.44,51.7053884032,2337264,0.0,1.0
2020-03-17,53.35,53.81,49.04,53.13,52.3857224611,2960444,0.0,1.0
2020-03-18,50.4,51.09,39.06,45.01,44.379472388,2218125,0.0,1.0
2020-03-19,43.07,49.36,42.78,48.81,48.1262396636,2433294,0.0,1.0
2020-03-20,49.45,51.21,47.43,47.63,46.9627698254,2763683,0.0,1.0
2020-03-23,46.06,48.76,42.43,47.71,47.0416491364,1846985,0.0,1.0
2020-03-24,49.86,57.65,49.75,55.04,54.2689660128,3074932,0.0,1.0
2020-03-25,55.0,57.89,54.17,56.33,55.5408949037,2533591,0.0,1.0
2020-03-26,56.89,61.46,56.122,58.84,58.0157332884,1826321,0.0,1.0
2020-03-27,56.51,58.27,53.9,57.25,56.4480069809,1975738,0.0,1.0
2020-03-30,57.77,60.0,56.24,57.64,56.8325436224,2033005,0.0,1.0
2020-03-31,57.79,60.14,56.43,57.1,56.3001082727,2603706,0.0,1.0
2020-04-01,52.0,52.46,48.12,51.0,50.285560804,3141145,0.0,1.0
2020-04-02,49.75,52.185,48.59,49.88,49.1812504491,3217450,0.0,1.0
2020-04-03,49.88,50.75,48.76,50.2,49.4967676933,1692063,0.0,1.0
2020-04-06,52.71,53.51,51.385,51.82,51.0940737424,1977698,0.0,1.0
2020-04-07,54.52,58.52,53.12,55.1,54.3281254961,2614692,0.0,1.0
2020-04-08,55.43,58.42,55.14,57.75,56.9410026751,1857485,0.0,1.0
2020-04-09,58.71,62.27,58.01,58.4,57.5818970775,2046874,0.0,1.0
2020-04-13,58.39,58.7,55.61,58.26,57.4438582831,1071794,0.0,1.0
2020-04-14,59.09,62.22,59.09,60.7,59.8496772706,2045426,0.0,1.0
2020-04-15,58.61,58.65,54.5,55.91,55.1267785206,2021742,0.0,1.0
2020-04-16,56.36,58.09,55.83,57.55,56.7438043974,1221547,0.0,1.0
2020-04-17,59.3,61.29,58.46,59.92,59.0806039877,1533748,0.0,1.0
2020-04-20,59.24,60.41,57.335,57.51,56.7043647419,1245440,0.0,1.0
2020-04-21,55.22,56.98,55.22,55.71,54.9295802429,1341084,0.0,1.0
2020-04-22,56.68,57.279,55.208,56.33,55.5408949037,981837,0.0,1.0
2020-04-23,56.34,57.99,55.91,56.69,55.8958518035,1418049,0.0,1.0
2020-04-24,57.09,58.5,56.21,57.78,56.9705824168,1152781,0.0,1.0
2020-04-27,57.94,59.399,57.83,58.55,57.7297957858,1069207,0.0,1.0
2020-04-28,59.86,60.43,59.02,60.16,59.3172419209,1373071,0.0,1.0
2020-04-29,61.42,65.42,60.37,64.89,63.9809811877,2033289,0.0,1.0
2020-04-30,63.43,64.45,60.74,61.36,60.5004315869,2377587,0.0,1.0
2020-05-01,60.54,61.0,58.03,58.35,57.5325975081,884160,0.0,1.0
2020-05-04,57.68,58.11,56.61,57.7,56.8917031057,898753,0.0,1.0
2020-05-05,58.36,60.02,58.36,58.97,58.1439121688,1021738,0.0,1.0
2020-05-06,59.13,60.395,58.88,59.0,58.1734919105,1071359,0.0,1.0
2020-05-07,59.69,59.97,55.34,55.42,54.8704207596,1966196,0.23,1.0
2020-05-08,56.98,62.005,56.315,61.54,60.9297310276,1920272,0.0,1.0
2020-05-11,60.75,61.55,59.435,59.66,59.0683742786,902937,0.0,1.0
2020-05-12,60.11,60.57,58.18,58.23,57.6525550493,1039982,0.0,1.0
2020-05-13,57.96,58.42,53.89,54.78,54.2367673983,1271561,0.0,1.0
2020-05-14,53.8,55.09,52.27,54.51,53.9694448865,1114746,0.0,1.0
2020-05-15,54.21,54.21,51.72,52.09,51.5734431139,1289022,0.0,1.0
2020-05-18,54.03,56.84,54.03,56.37,55.8109999679,1416709,0.0,1.0
2020-05-19,56.1,57.42,55.38,55.86,55.3060574456,1503758,0.0,1.0
2020-05-20,56.07,56.51,54.035,56.27,55.7119916302,2020100,0.0,1.0
2020-05-21,56.12,56.16,55.03,55.83,55.2763549443,1449735,0.0,1.0
2020-05-22,56.2,57.36,55.72,57.22,56.6525708384,1291872,0.0,1.0
2020-05-26,59.72,60.97,58.85,60.7,60.0980609908,1923791,0.0,1.0
2020-05-27,61.73,62.87,60.0,61.95,61.3356652122,1957357,0.0,1.0
2020-05-28,62.58,62.58,59.075,59.62,59.0287709435,2104281,0.0,1.0
2020-05-29,58.96,60.35,58.0,60.06,59.4644076295,6911999,0.0,1.0
2020-06-01,60.92,63.52,60.43,61.59,60.9792351964,2174834,0.0,1.0
2020-06-02,62.81,62.82,60.6,61.77,61.1574502043,1573923,0.0,1.0
2020-06-03,62.74,65.41,62.6,64.78,64.1376011694,1708103,0.0,1.0
2020-06-04,64.35,65.88,63.97,65.81,65.1573870479,1536085,0.0,1.0
2020-06-05,69.3,71.37,67.78,71.25,70.5434406194,3251681,0.0,1.0
2020-06-08,71.32,74.81,71.25,74.58,73.8404182651,4497117,0.0,1.0
2020-06-09,73.38,73.49,71.01,71.9,71.1869948145,3542388,0.0,1.0
2020-06-10,71.34,71.42,69.16,70.52,69.8206797541,1857410,0.0,1.0
2020-06-11,68.08,68.18,63.11,63.26,62.6326744362,1973400,0.0,1.0
2020-06-12,65.41,66.63,62.87,64.97,64.3257170111,1142727,0.0,1.0
2020-06-15,63.06,65.82,62.12,65.52,64.8702628685,1084511,0.0,1.0
2020-06-16,68.44,68.98,66.22,67.96,67.2860663086,1106238,0.0,1.0
2020-06-17,68.12,68.88,67.37,67.83,67.1573554696,1352258,0.0,1.0
2020-06-18,66.77,67.91,66.45,67.79,67.1177521345,850121,0.0,1.0
2020-06-19,68.9,69.31,66.19,66.2,65.5435195649,1356915,0.0,1.0
2020-06-22,66.07,66.14,64.845,65.85,65.1969903829,868291,0.0,1.0
2020-06-23,66.55,67.41,66.26,66.54,65.8801479131,1529326,0.0,1.0
2020-06-24,65.47,66.02,61.86,63.05,62.424756927,1390044,0.0,1.0
2020-06-25,62.33,64.06,61.98,63.86,63.2267244625,977785,0.0,1.0
2020-06-26,63.69,63.69,61.77,62.53,61.9099135709,1970036,0.0,1.0
2020-06-29,63.24,64.115,61.95,63.26,62.6326744362,985941,0.0,1.0
2020-06-30,63.42,64.54,62.87,63.93,63.2960302989,873369,0.0,1.0
2020-07-01,63.87,64.51,62.95,63.42,62.7910877766,784477,0.0,1.0
2020-07-02,64.71,64.71,63.28,63.46,62.8306911116,757247,0.0,1.0
2020-07-06,64.86,65.0,63.45,64.05,63.4148403041,775190,0.0,1.0
2020-07-07,63.58,63.7,62.46,63.05,62.424756927,1085063,0.0,1.0
2020-07-08,62.65,63.08,60.73,61.85,61.2366568745,1326812,0.0,1.0
2020-07-09,61.28,61.36,58.98,59.96,59.3653992917,1589389,0.0,1.0
2020-07-10,59.94,63.09,59.76,63.01,62.3851535919,994797,0.0,1.0
2020-07-13,63.68,64.64,63.005,63.8,63.1673194599,872970,0.0,1.0
2020-07-14,63.63,66.23,63.09,66.15,65.4940153961,1202408,0.0,1.0
2020-07-15,67.78,68.8,66.97,68.26,67.5830913218,1308935,0.0,1.0
2020-07-16,67.84,68.36,66.69,66.92,66.2563795965,1107083,0.0,1.0
2020-07-17,67.26,67.43,66.08,66.4,65.7415362404,1004413,0.0,1.0
2020-07-20,66.23,66.535,64.76,65.0,64.3554195124,849488,0.0,1.0
2020-07-21,65.29,67.26,65.29,65.94,65.2860978869,877393,0.0,1.0
2020-07-22,65.76,68.28,65.345,68.16,67.4840829841,741483,0.0,1.0
2020-07-23,67.94,69.44,67.94,68.72,68.0385296753,569794,0.0,1.0
2020-07-24,68.38,68.83,67.42,67.79,67.1177521345,945024,0.0,1.0
2020-07-27,67.86,71.03,67.62,70.5,69.8008780865,1547256,0.0,1.0
2020-07-28,65.26,68.48,62.205,62.42,61.8010043994,3554363,0.0,1.0
2020-07-29,62.22,62.88,59.61,59.81,59.2168867852,2963125,0.0,1.0
2020-07-30,59.04,60.47,58.675,59.32,58.7317459304,1028521,0.0,1.0
2020-07-31,59.87,60.08,58.82,60.08,59.484209297,971719,0.0,1.0
2020-08-03,60.24,60.92,59.25,60.13,59.5337134658,1056961,0.0,1.0
2020-08-04,60.21,62.115,60.21,61.74,61.127747703,853379,0.0,1.0
2020-08-05,62.12,63.03,61.51,62.8,62.1772360827,1082556,0.0,1.0
2020-08-06,61.9,63.7,61.7827,63.5,63.0980136235,1249048,0.23,1.0
2020-08-07,63.12,63.46,62.54,62.75,62.352761494,879859,0.0,1.0
2020-08-10,63.01,64.93,62.88,64.57,64.1612399948,736514,0.0,1.0
2020-08-11,65.41,65.49,63.885,64.21,63.8035189726,799651,0.0,1.0
2020-08-12,64.87,64.87,63.45,64.38,63.9724427886,792881,0.0,1.0
2020-08-13,64.03,65.59,63.72,64.69,64.2804803355,571872,0.0,1.0
2020-08-14,64.21,64.95,63.43,64.65,64.2407335552,604662,0.0,1.0
2020-08-17,64.92,65.15,63.32,63.45,63.0483301482,869347,0.0,1.0
2020-08-18,63.46,63.57,62.04,63.28,62.8794063322,1043629,0.0,1.0
2020-08-19,63.4,64.74,63.02,64.06,63.6544685468,780515,0.0,1.0
2020-08-20,63.17,63.7,62.15,62.34,61.9453569966,655883,0.0,1.0
2020-08-21,62.39,62.56,61.3,61.48,61.0908012216,672360,0.0,1.0
2020-08-24,61.82,63.66,61.59,63.66,63.2570007444,876970,0.0,1.0
2020-08-25,63.97,63.97,62.18,62.93,62.5316220051,469769,0.0,1.0
2020-08-26,62.46,62.77,61.0,61.45,61.0609911364,1035524,0.0,1.0
2020-08-27,62.06,63.57,61.77,62.45,62.0546606423,1145618,0.0,1.0
2020-08-28,62.62,64.345,61.86,64.19,63.7836455825,1009176,0.0,1.0
2020-08-31,63.97,64.48,62.83,62.85,62.4521284446,921607,0.0,1.0
2020-09-01,62.55,62.79,61.12,61.33,60.9417507957,872567,0.0,1.0
2020-09-02,61.37,63.23,61.16,62.77,62.3726348842,996287,0.0,1.0
2020-09-03,63.26,65.2,62.64,63.28,62.8794063322,1081101,0.0,1.0
2020-09-04,63.44,63.91,61.77,62.44,62.0447239472,580387,0.0,1.0
2020-09-08,62.19,62.4,60.86,61.1,60.7132068093,789993,0.0,1.0
2020-09-09,61.78,62.6,60.65,61.4,61.0113076611,857854,0.0,1.0
2020-09-10,61.59,62.79,61.4,62.0,61.6075093646,1070265,0.0,1.0
2020-09-11,62.0,63.62,61.72,63.33,62.9290898075,991214,0.0,1.0
2020-09-14,63.54,65.87,63.27,65.61,65.1946562809,750492,0.0,1.0
2020-09-15,65.65,67.33,65.47,67.25,66.8242742705,1544505,0.0,1.0
2020-09-16,67.04,68.89,66.407,68.19,67.758323606,1318555,0.0,1.0
2020-09-17,67.39,70.24,66.22,70.1,69.6562323623,1421823,0.0,1.0
2020-09-18,69.85,70.42,68.22,68.34,67.9073740319,1429668,0.0,1.0
2020-09-21,67.09,67.145,64.64,65.01,64.5984545773,1092417,0.0,1.0
2020-09-22,64.77,66.11,63.3,63.57,63.1675704889,1383342,0.0,1.0
2020-09-23,64.53,65.15,63.085,63.53,63.1278237086,957522,0.0,1.0
2020-09-24,63.49,64.54,62.125,62.67,62.2732679336,735777,0.0,1.0
2020-09-25,62.61,65.23,62.33,64.89,64.4792142366,872074,0.0,1.0
2020-09-28,65.74,67.81,65.74,66.77,66.3473129077,668286,0.0,1.0
2020-09-29,66.45,67.07,65.08,65.29,64.876682039,744273,0.0,1.0
2020-09-30,66.03,67.15,65.67,66.27,65.8504781547,856339,0.0,1.0
2020-10-01,66.84,67.33,66.02,66.67,66.2479459571,819192,0.0,1.0
2020-10-02,65.6,68.22,65.35,67.93,67.4999695345,699680,0.0,1.0
2020-10-05,68.35,69.93,68.21,69.55,69.109714134,989657,0.0,1.0
2020-10-06,70.0,71.705,69.38,70.16,69.7158525326,1791918,0.0,1.0
2020-10-07,72.0,74.25,71.22,72.21,71.7528750197,2515437,0.0,1.0
2020-10-08,72.63,74.68,72.36,74.33,73.8594543722,1069733,0.0,1.0
2020-10-09,74.56,75.0,72.66,73.21,72.7465445256,1324505,0.0,1.0
2020-10-12,73.45,73.57,72.59,72.62,72.1602795171,630657,0.0,1.0
2020-10-13,71.95,72.17,71.48,71.96,71.5044576432,757060,0.0,1.0
2020-10-14,71.91,73.05,71.745,72.13,71.6733814592,502068,0.0,1.0
2020-10-15,71.03,73.5,70.691,73.24,72.7763546107,617971,0.0,1.0
2020-10-16,73.28,73.68,72.14,72.7,72.2397730776,963964,0.0,1.0
2020-10-19,72.66,73.02,71.46,71.66,71.2063567914,788840,0.0,1.0
2020-10-20,72.34,73.109,71.48,71.89,71.4349007778,857157,0.0,1.0
2020-10-21,72.02,72.35,71.25,71.34,70.8883825496,1885605,0.0,1.0
2020-10-22,71.73,72.92,71.03,72.88,72.4186335886,1632150,0.0,1.0
2020-10-23,73.3,73.58,71.55,72.11,71.6535080691,688439,0.0,1.0
2020-10-26,71.06,71.21,67.23,67.79,67.3608558037,1201291,0.0,1.0
2020-10-27,67.68,68.105,66.17,66.23,65.8107313745,749235,0.0,1.0
2020-10-28,64.45,65.1,63.21,63.31,62.9092164173,1089612,0.0,1.0
2020-10-29,63.22,64.87,62.835,64.09,63.6842786319,1129268,0.0,1.0
2020-10-30,64.09,64.435,62.62,63.45,63.0483301482,725839,0.0,1.0
2020-11-02,64.52,65.99,64.12,65.67,65.2542764512,1062832,0.0,1.0
2020-11-03,66.75,68.44,66.59,67.23,66.8044008804,671031,0.0,1.0
2020-11-04,67.7,68.91,67.09,67.21,66.7845274903,1237242,0.0,1.0
2020-11-05,67.91,68.71,67.14,67.76,67.5595897049,766854,0.23,1.0
2020-11-06,67.78,68.305,65.89,66.39,66.193641684,768731,0.0,1.0
2020-11-09,72.86,82.39,72.71,75.87,75.6456031716,2421918,0.0,1.0
2020-11-10,76.46,76.92,75.24,76.46,76.2338581587,1073884,0.0,1.0
2020-11-11,76.48,76.725,73.69,73.78,73.561784658,1025139,0.0,1.0
2020-11-12,73.1,73.1,70.79,71.41,71.1987942861,735849,0.0,1.0
2020-11-13,72.0,72.55,71.07,71.93,71.7172563086,585587,0.0,1.0
2020-11-16,74.26,74.62,72.2,74.23,74.0104537159,1099049,0.0,1.0
2020-11-17,73.44,74.77,73.07,74.5,74.2796551507,740489,0.0,1.0
2020-11-18,74.62,75.4835,73.23,73.24,73.0233817884,1073931,0.0,1.0
2020-11-19,72.49,72.62,70.46,71.6,71.3882323328,1020733,0.0,1.0
2020-11-20,71.21,71.385,69.31,69.62,69.4140884778,1215039,0.0,1.0
2020-11-23,70.04,70.42,69.35,70.07,69.8627575357,1339934,0.0,1.0
2020-11-24,71.53,73.38,71.01,71.98,71.7671084262,1552328,0.0,1.0
2020-11-25,71.96,74.1249,71.11,73.26,73.0433226355,1041140,0.0,1.0
2020-11-27,73.02,73.63,72.315,73.19,72.9735296709,661230,0.0,1.0
2020-11-30,73.0,73.0,71.755,72.38,72.1659253666,3592799,0.0,1.0
2020-12-01,73.29,73.78,71.58,72.75,72.5348310364,1043983,0.0,1.0
2020-12-02,71.77,73.12,71.75,72.63,72.4151859543,815878,0.0,1.0
2020-12-03,73.0,76.22,72.64,75.66,75.4362242779,838972,0.0,1.0
2020-12-04,75.42,76.39,75.03,76.38,76.1540947706,1332753,0.0,1.0
2020-12-07,78.5,79.7,76.28,76.6,76.3734440878,853082,0.0,1.0
2020-12-08,75.79,77.95,75.69,77.5,77.2707822038,566025,0.0,1.0
2020-12-09,77.8,78.5117,76.75,77.4,77.1710779687,602791,0.0,1.0
2020-12-10,76.58,77.48,75.63,76.39,76.1640651941,963851,0.0,1.0
2020-12-11,75.93,77.61,75.61,77.28,77.0514328865,668063,0.0,1.0
2020-12-14,77.83,78.78,76.42,76.54,76.3136215468,1008038,0.0,1.0
2020-12-15,76.98,77.315,75.87,76.87,76.6426455226,580733,0.0,1.0
2020-12-16,76.7,77.0,75.52,76.09,75.8649524888,514367,0.0,1.0
2020-12-17,76.59,78.67,76.35,78.64,78.4074104839,785932,0.0,1.0
2020-12-18,78.88,80.0,78.08,78.66,78.4273513309,1326007,0.0,1.0
2020-12-21,77.01,77.63,75.625,77.47,77.2408709332,719879,0.0,1.0
2020-12-22,77.98,78.47,77.06,77.34,77.1112554276,640334,0.0,1.0
2020-12-23,77.6,79.35,77.38,78.6,78.3675287899,615088,0.0,1.0
2020-12-24,78.44,78.44,76.75,77.65,77.4203385564,294932,0.0,1.0
2020-12-28,78.35,78.5,77.2,77.44,77.2109596627,368160,0.0,1.0
2020-12-29,77.65,77.737,76.6,76.84,76.6127342521,527843,0.0,1.0
2020-12-30,76.77,77.62,76.6,77.36,77.1311962746,421117,0.0,1.0
2020-12-31,77.59,79.22,76.94,78.74,78.507114719,382570,0.0,1.0
2021-01-04,78.38,78.85,74.49,75.67,75.4461947014,1162850,0.0,1.0
2021-01-05,75.83,76.085,74.72,75.39,75.1670228431,1018860,0.0,1.0
2021-01-06,76.29,78.0,75.75,76.63,76.4033553584,1244356,0.0,1.0
2021-01-07,77.12,79.78,74.22,75.7,75.4761059719,1418343,0.0,1.0
2021-01-08,75.3,77.15,73.61,76.83,76.6027638286,963717,0.0,1.0
2021-01-11,76.1,76.75,75.05,76.01,75.7851891007,923734,0.0,1.0
2021-01-12,75.63,76.24,74.36,75.08,74.8579397143,1260299,0.0,1.0
2021-01-13,74.81,77.58,74.27,76.69,76.4631778994,855744,0.0,1.0
2021-01-14,77.17,79.45,76.87,78.14,77.9088893084,953396,0.0,1.0
2021-01-15,77.73,79.09,76.93,78.5,78.2678245548,937072,0.0,1.0
2021-01-19,79.22,79.38,77.01,77.09,76.8619948398,888979,0.0,1.0
2021-01-20,76.95,77.97,76.45,77.37,77.1411666981,656326,0.0,1.0
2021-01-21,77.33,77.44,76.135,77.07,76.8420539928,540414,0.0,1.0
2021-01-22,77.08,78.59,76.68,78.15,77.9188597319,844264,0.0,1.0
2021-01-25,77.55,78.53,76.14,78.03,77.7992146498,887643,0.0,1.0
2021-01-26,78.61,78.78,76.78,76.93,76.7024680637,1148090,0.0,1.0
2021-01-27,75.64,75.995,72.615,73.38,73.1629677176,1392287,0.0,1.0
2021-01-28,74.34,77.41,73.875,76.91,76.6825272167,909935,0.0,1.0
2021-01-29,76.29,76.33,73.32,74.7,74.4790636209,881713,0.0,1.0
2021-02-01,75.16,75.87,74.086,75.6,75.3764017368,725139,0.0,1.0
2021-02-02,76.5,78.27,76.11,77.84,77.6097766031,488224,0.0,1.0
2021-02-03,77.17,79.48,77.17,78.54,78.3077062488,531040,0.0,1.0
2021-02-04,78.79,79.79,78.26,79.22,79.22,420941,0.235,1.0
2021-02-05,80.0,81.17,79.08,79.5,79.5,338754,0.0,1.0
2021-02-08,79.53,80.16,78.34,79.71,79.71,529902,0.0,1.0
2021-02-09,79.8,79.8,78.52,78.77,78.77,634527,0.0,1.0
2021-02-10,79.49,79.62,76.74,77.08,77.08,590926,0.0,1.0
2021-02-11,76.67,77.3,76.24,77.26,77.26,437948,0.0,1.0
2021-02-12,76.87,77.27,76.45,77.16,77.16,472974,0.0,1.0
2021-02-16,77.64,77.87,76.48,76.72,76.72,405331,0.0,1.0
2021-02-17,76.6,77.77,75.24,77.09,77.09,494142,0.0,1.0
2021-02-18,76.43,78.01,76.11,77.59,77.59,409008,0.0,1.0
2021-02-19,77.85,78.82,77.745,78.09,78.09,549902,0.0,1.0
2021-02-22,77.88,81.33,77.52,80.75,80.75,787771,0.0,1.0
2021-02-23,81.29,83.25,80.7608,83.07,83.07,949885,0.0,1.0
2021-02-24,82.85,85.13,82.39,83.59,83.59,660507,0.0,1.0
2021-02-25,83.55,84.34,80.13,80.35,80.35,638404,0.0,1.0
2021-02-26,80.86,81.39,79.1,79.77,79.77,750197,0.0,1.0
2021-03-01,80.95,82.61,80.95,81.27,81.27,732352,0.0,1.0
2021-03-02,81.25,81.9,78.87,81.34,81.34,781955,0.0,1.0
2021-03-03,81.17,83.685,81.06,83.13,83.13,1157637,0.0,1.0
2021-03-04,83.13,84.43,81.3,82.76,82.76,1265437,0.0,1.0
2021-03-05,83.7,86.02,83.16,85.8,85.8,845163,0.0,1.0
2021-03-08,86.33,86.41,84.08,84.3,84.3,868708,0.0,1.0
2021-03-09,84.01,84.16,81.56,81.6,81.6,1616308,0.0,1.0
2021-03-10,81.71,81.935,79.44,80.69,80.69,5457667,0.0,1.0
2021-03-11,80.56,83.19,80.0,80.54,80.54,1435354,0.0,1.0
2021-03-12,81.05,81.06,80.1,80.72,80.72,1051812,0.0,1.0
2021-03-15,80.54,83.53,80.45,82.75,82.75,885055,0.0,1.0
2021-03-16,82.43,82.915,80.09,80.3,80.3,603954,0.0,1.0
2021-03-17,80.01,80.82,79.3,80.76,80.76,647303,0.0,1.0
2021-03-18,80.31,81.06,79.62,79.92,79.92,571850,0.0,1.0
2021-03-19,79.65,81.3994,79.475,80.24,80.24,927336,0.0,1.0
2021-03-22,79.97,80.03,78.5,79.25,79.25,685240,0.0,1.0
2021-03-23,78.71,79.46,77.25,78.0,78.0,846878,0.0,1.0
2021-03-24,78.11,80.99,77.69,77.99,77.99,680325,0.0,1.0
2021-03-25,77.91,80.06,77.13,79.8,79.8,937657,0.0,1.0
2021-03-26,80.4,81.27,79.5,80.64,80.64,934708,0.0,1.0
2021-03-29,79.65,80.45,79.05,79.19,79.19,794763,0.0,1.0
2021-03-30,79.19,80.25,78.64,78.92,78.92,950548,0.0,1.0
2021-03-31,78.55,79.26,77.41,77.48,77.48,1886440,0.0,1.0
2021-04-01,77.25,78.35,76.48,78.08,78.08,2842690,0.0,1.0
2021-04-05,81.32,81.8,79.62,80.6,80.6,1439631,0.0,1.0
2021-04-06,79.97,82.38,79.62,80.92,80.92,1316170,0.0,1.0
2021-04-07,79.13,80.41,77.68,77.99,77.99,2575242,0.0,1.0
2021-04-08,75.85,78.21,75.29,77.62,77.62,2490442,0.0,1.0
2021-04-09,77.51,77.8,76.3113,77.41,77.41,904611,0.0,1.0
2021-04-12,77.47,79.53,77.24,78.69,78.69,1047207,0.0,1.0
2021-04-13,78.22,78.68,77.29,77.7,77.7,790111,0.0,1.0
2021-04-14,77.63,78.79,77.2889,77.52,77.52,826499,0.0,1.0
2021-04-15,78.09,78.92,77.945,78.73,78.73,1053896,0.0,1.0
2021-04-16,79.18,80.75,79.18,80.61,80.61,1213123,0.0,1.0
2021-04-19,80.74,81.04,79.27,79.73,79.73,705905,0.0,1.0
2021-04-20,79.2,79.86,78.38,79.16,79.16,562444,0.0,1.0
2021-04-21,79.46,80.97,79.34,80.87,80.87,605083,0.0,1.0
